request_id,service_area,channel,customer_tier,initial_priority,request_age_hours,updates_count,past_breaches_90d,team_capacity_pct,sentiment_score,complexity_score,assigned_team_size,weekday,sla_breach,final_resolution_hours_POST_OUTCOME_EXCLUDE,actual_breach_reason_POST_OUTCOME_EXCLUDE,escalation_after_outcome_EXCLUDE
REQ-100000,Customer Care,Email,Standard,Standard,9.8,3,0,94.5,-0.52,3,10,Mon,0,13.7,none,no
REQ-100001,Finance Ops,Portal,Standard,Low,25.2,4,0,78.0,0.67,1,8,Fri,0,49.8,none,no
REQ-100002,Customer Care,Portal,Standard,Standard,26.2,2,2,76.0,-1.06,2,13,Thu,0,32.0,none,no
REQ-100003,Facilities,Chat,Standard,Standard,18.4,1,0,,-0.75,2,9,Thu,0,23.3,none,no
REQ-100004,IT Support,Portal,Standard,Urgent,6.3,3,0,64.9,-0.25,5,17,Fri,0,9.3,none,no
REQ-100005,Compliance,Portal,Standard,Low,13.7,3,1,61.2,1.21,2,7,Thu,0,32.1,none,no
REQ-100006,Customer Care,Portal,Strategic,Urgent,47.4,2,0,83.3,0.79,4,8,Wed,0,58.3,none,no
REQ-100007,Customer Care,Portal,Standard,Standard,62.1,4,0,63.7,-1.23,1,3,Mon,0,86.2,none,no
REQ-100008,IT Support,Email,Priority,Low,28.4,4,0,63.7,1.01,5,6,Tue,0,35.6,none,no
REQ-100009,Finance Ops,Email,Standard,Standard,6.5,3,0,88.9,1.01,4,6,Fri,0,10.6,none,no
REQ-100010,HR Services,Portal,Priority,Standard,13.8,5,0,84.8,,3,14,Fri,0,24.3,none,no
REQ-100011,Compliance,Portal,Standard,Low,17.6,4,1,61.7,-1.89,2,8,Thu,1,60.7,handoff,yes
REQ-100012,Facilities,Portal,Priority,Standard,15.8,3,0,70.0,-0.05,2,6,Mon,0,18.0,none,no
REQ-100013,Customer Care,Portal,Strategic,Low,30.4,2,1,66.3,0.84,2,7,Mon,1,63.3,late_response,yes
REQ-100014,Finance Ops,Portal,Standard,Standard,24.4,2,2,100.0,1.19,3,11,Fri,0,39.3,none,no
REQ-100015,IT Support,Email,Standard,Standard,6.2,0,2,89.8,-0.65,5,14,Mon,0,36.7,none,no
REQ-100016,Finance Ops,Portal,,Standard,9.1,2,0,72.5,1.31,2,17,Wed,0,14.6,none,no
REQ-100017,IT Support,Portal,Standard,Standard,28.3,3,0,85.5,-1.67,4,3,Tue,0,30.4,none,no
REQ-100018,Customer Care,Portal,Strategic,Low,36.7,1,0,60.4,-0.28,3,15,Tue,0,44.5,none,no
REQ-100019,Facilities,Portal,Standard,Urgent,17.8,1,2,69.3,-0.31,4,8,Thu,0,37.9,none,no
REQ-100020,Customer Care,Portal,Priority,Standard,39.6,4,1,79.4,0.86,4,15,Fri,0,51.0,none,no
REQ-100021,HR Services,Portal,Standard,Urgent,16.4,3,0,83.9,0.97,1,3,Thu,0,32.4,none,no
REQ-100022,Compliance,Chat,Standard,Urgent,7.2,1,1,76.7,0.72,1,12,Wed,0,11.5,none,no
REQ-100023,Customer Care,Portal,Standard,Low,23.0,3,2,81.2,-1.01,5,16,Wed,0,32.2,none,no
REQ-100024,Customer Care,Email,Priority,Standard,79.5,3,1,79.0,0.65,1,3,Fri,0,91.3,none,no
REQ-100025,IT Support,Email,,Low,5.0,0,1,75.9,,3,14,Wed,0,7.6,none,no
REQ-100026,Finance Ops,Portal,Standard,Standard,38.7,6,0,74.2,-1.25,4,4,Wed,0,50.4,none,no
REQ-100027,IT Support,Portal,Standard,Standard,22.1,1,0,72.5,-1.55,3,17,Thu,0,30.6,none,no
REQ-100028,IT Support,Phone,Priority,Low,8.7,3,0,81.0,0.78,1,14,Tue,0,69.1,none,no
REQ-100029,Facilities,Phone,Standard,Urgent,2.3,2,0,83.3,-0.14,1,16,Mon,0,13.4,none,no
REQ-100030,Customer Care,Portal,,Low,1.4,3,1,80.6,-0.96,4,16,Fri,0,33.0,none,no
REQ-100031,Compliance,Portal,Standard,Standard,9.8,3,1,62.7,-0.16,5,7,Wed,1,45.7,complexity,no
REQ-100032,HR Services,Portal,Standard,Standard,19.7,3,0,65.0,0.27,2,9,Mon,0,29.7,none,no
REQ-100033,HR Services,Email,Standard,Low,27.0,5,0,83.2,-0.06,3,13,Tue,0,55.5,none,no
REQ-100034,Finance Ops,Email,Standard,Standard,31.2,3,0,97.1,-1.16,5,5,Fri,0,35.0,none,no
REQ-100035,IT Support,Portal,Standard,Standard,18.5,5,1,80.0,1.41,5,7,Thu,0,26.2,none,no
REQ-100036,IT Support,Portal,Standard,Low,16.5,2,0,,0.75,3,4,Thu,0,37.6,none,no
REQ-100037,Finance Ops,Chat,Strategic,,11.6,3,0,80.9,,4,16,Mon,0,12.5,none,no
REQ-100038,IT Support,Portal,Standard,Low,20.0,3,0,63.2,-0.22,5,6,Fri,0,30.8,none,no
REQ-100039,Facilities,Email,Standard,Standard,8.8,2,1,95.0,0.27,4,9,Fri,0,19.5,none,no
REQ-100040,Finance Ops,Phone,Standard,Low,5.2,5,0,80.4,-0.85,3,9,Wed,0,18.7,none,no
REQ-100041,Customer Care,Portal,Standard,Urgent,15.8,1,1,69.3,0.24,4,8,Tue,0,25.1,none,no
REQ-100042,Facilities,Portal,Standard,Urgent,25.6,3,1,75.8,-1.0,2,14,Thu,0,46.1,none,no
REQ-100043,HR Services,Portal,Standard,,4.2,1,0,71.1,-0.05,5,16,Fri,0,9.9,none,no
REQ-100044,Customer Care,Chat,Priority,Low,9.8,6,2,95.1,-0.88,1,11,Thu,0,32.3,none,no
REQ-100045,Customer Care,Portal,Standard,Standard,15.4,4,2,75.4,-0.84,2,15,Fri,0,19.6,none,no
REQ-100046,HR Services,Portal,Strategic,Standard,15.2,1,1,80.0,1.23,2,4,Thu,0,29.5,none,no
REQ-100047,HR Services,Portal,Standard,,21.7,3,1,85.5,0.04,2,17,Tue,0,47.9,none,no
REQ-100048,Facilities,Portal,Strategic,Low,46.5,0,2,68.4,0.16,3,4,Wed,0,51.8,none,no
REQ-100049,IT Support,Email,Standard,Low,1.4,0,0,80.5,-1.51,4,3,Fri,0,7.9,none,no
REQ-100050,IT Support,Portal,Standard,Urgent,47.9,3,0,81.6,-0.45,5,3,Tue,1,93.4,capacity,yes
REQ-100051,IT Support,Email,Priority,Standard,45.2,4,2,57.8,0.35,3,6,Tue,1,70.3,complexity,no
REQ-100052,Customer Care,Email,Priority,Urgent,27.3,1,2,81.3,0.15,4,15,Thu,0,29.4,none,no
REQ-100053,Facilities,Phone,Priority,Standard,17.5,5,0,77.4,-1.62,3,7,Wed,0,30.7,none,no
REQ-100054,Facilities,Portal,Standard,Urgent,8.9,3,1,79.7,0.16,1,14,Fri,0,27.0,none,no
REQ-100055,Customer Care,Chat,Priority,Low,27.1,4,0,78.5,0.27,4,9,Mon,1,63.5,complexity,yes
REQ-100056,Finance Ops,Email,Priority,Low,18.2,4,2,81.4,0.96,1,4,Tue,0,32.2,none,no
REQ-100057,Finance Ops,Portal,Priority,Urgent,11.8,3,2,95.4,-0.49,3,10,Tue,0,28.1,none,no
REQ-100058,IT Support,Phone,Standard,Urgent,26.6,1,0,62.7,-1.68,5,6,Thu,1,84.9,complexity,yes
REQ-100059,IT Support,Chat,Priority,Low,29.7,2,2,73.6,-0.75,4,7,Thu,0,51.2,none,no
REQ-100060,Facilities,Portal,Priority,Standard,36.5,8,1,86.7,-0.82,3,10,Wed,0,45.5,none,no
REQ-100061,Finance Ops,Chat,Strategic,Standard,8.1,3,2,,0.55,2,14,Wed,0,18.1,none,no
REQ-100062,Finance Ops,Email,Standard,Standard,33.5,3,0,84.0,-2.04,5,11,Mon,0,58.9,none,no
REQ-100063,Customer Care,Email,Standard,Low,12.0,6,0,100.0,-0.34,5,6,Thu,0,25.8,none,no
REQ-100064,Facilities,Chat,Priority,Urgent,17.6,2,3,,1.07,2,13,Fri,0,29.9,none,no
REQ-100065,Finance Ops,Portal,Standard,Low,20.0,5,1,92.7,0.01,1,13,Thu,0,28.8,none,no
REQ-100066,Finance Ops,Phone,Priority,Standard,31.7,1,0,,0.67,3,6,Tue,0,56.5,none,no
REQ-100067,HR Services,Portal,Standard,Low,24.8,3,0,65.1,-1.23,4,15,Thu,0,30.4,none,no
REQ-100068,IT Support,Phone,Standard,Low,11.6,4,1,,-1.2,5,15,Tue,0,19.3,none,no
REQ-100069,Finance Ops,Email,Priority,Standard,1.7,3,2,87.3,1.08,5,12,Mon,0,26.4,none,no
REQ-100070,IT Support,Portal,Standard,Standard,21.5,2,0,83.3,0.08,2,7,Mon,0,46.1,none,no
REQ-100071,Finance Ops,Portal,Standard,Standard,17.0,2,2,83.2,0.08,2,8,Mon,0,64.9,none,no
REQ-100072,Customer Care,Portal,,Low,4.9,2,2,75.2,-0.84,5,9,Mon,0,15.7,none,no
REQ-100073,IT Support,Portal,,Urgent,18.5,1,1,73.1,0.08,2,5,Thu,0,27.4,none,no
REQ-100074,IT Support,Portal,Strategic,Standard,15.2,0,0,75.7,-0.86,3,7,Tue,0,24.9,none,no
REQ-100075,HR Services,Portal,Standard,Urgent,36.3,1,1,87.4,0.89,2,5,Thu,0,38.6,none,no
REQ-100076,HR Services,Portal,Standard,Low,50.0,4,0,88.9,,2,5,Fri,0,51.1,none,no
REQ-100077,Facilities,Portal,Strategic,Low,29.2,3,0,64.9,,3,14,Wed,0,43.2,none,no
REQ-100078,Finance Ops,Phone,Standard,Standard,14.6,2,0,87.9,-0.48,2,4,Wed,0,22.9,none,no
REQ-100079,Customer Care,Phone,Standard,Standard,16.3,3,0,69.5,-1.9,3,10,Thu,0,22.2,none,no
REQ-100080,Facilities,Phone,Standard,Low,7.9,3,1,84.1,-1.26,2,9,Mon,0,20.1,none,no
REQ-100081,Finance Ops,Portal,Standard,Low,9.2,5,0,75.5,1.17,1,3,Wed,0,23.5,none,no
REQ-100082,Customer Care,Chat,Strategic,Standard,14.0,1,2,98.4,-0.77,4,15,Wed,0,24.2,none,no
REQ-100083,IT Support,Email,Priority,Low,12.9,0,0,72.6,-0.28,5,17,Fri,0,23.3,none,no
REQ-100084,IT Support,Portal,Priority,Standard,4.6,2,0,80.3,0.49,3,12,Fri,0,12.9,none,no
REQ-100085,IT Support,Portal,Standard,Low,36.5,1,0,85.9,1.11,2,13,Fri,0,55.5,none,no
REQ-100086,Customer Care,Email,Standard,Low,39.8,3,0,66.6,-0.15,4,6,Thu,0,47.1,none,no
REQ-100087,Finance Ops,Portal,Standard,Standard,35.7,5,2,77.1,-0.3,3,15,Wed,0,40.6,none,no
REQ-100088,IT Support,Email,Standard,Standard,40.7,5,1,74.5,0.05,3,14,Fri,0,48.7,none,no
REQ-100089,Finance Ops,Chat,Standard,Standard,59.3,4,0,71.3,-0.47,3,9,Fri,0,72.8,none,no
REQ-100090,IT Support,Portal,Standard,Standard,8.0,4,0,72.3,-0.43,4,13,Wed,0,27.9,none,no
REQ-100091,Facilities,Portal,Standard,Standard,57.6,1,0,92.5,0.31,1,17,Fri,0,95.9,none,no
REQ-100092,Finance Ops,Chat,Standard,Standard,11.6,1,1,70.2,0.14,1,12,Fri,0,23.8,none,no
REQ-100093,HR Services,Email,Priority,Standard,23.8,2,1,85.4,1.6,1,5,Wed,0,55.7,none,no
REQ-100094,HR Services,Portal,Standard,Urgent,3.6,4,2,82.1,0.33,1,7,Mon,0,10.3,none,no
REQ-100095,Facilities,Chat,Standard,Standard,10.4,3,0,59.8,0.86,5,5,Tue,0,16.2,none,no
REQ-100096,HR Services,Chat,Priority,Urgent,29.8,3,1,84.7,-0.8,4,7,Thu,1,60.5,capacity,yes
REQ-100097,IT Support,Email,Priority,Standard,24.6,1,0,59.6,0.39,4,16,Mon,0,42.1,none,no
REQ-100098,IT Support,Email,Priority,,11.4,4,1,86.2,-0.54,4,5,Wed,0,24.6,none,no
REQ-100099,Compliance,Portal,Standard,Standard,16.3,5,0,71.4,0.3,1,16,Wed,0,77.6,none,no
REQ-100100,Compliance,Portal,Priority,Standard,9.6,0,1,78.1,0.52,2,7,Fri,0,16.6,none,no
REQ-100101,Facilities,Email,Standard,Urgent,29.7,2,0,61.2,0.04,4,10,Fri,1,71.9,late_response,yes
REQ-100102,HR Services,Portal,Standard,Standard,38.1,3,0,79.6,1.81,3,10,Thu,0,44.0,none,no
REQ-100103,Compliance,Email,Standard,Low,8.1,0,0,90.1,1.07,3,4,Tue,0,26.6,none,no
REQ-100104,Customer Care,Phone,Standard,,15.1,3,0,67.5,0.88,4,5,Mon,0,26.9,none,no
REQ-100105,Facilities,Portal,Standard,Low,4.5,2,0,70.1,0.57,1,7,Thu,0,18.4,none,no
REQ-100106,Finance Ops,Email,Standard,Standard,18.1,5,2,83.9,1.32,4,3,Mon,0,34.1,none,no
REQ-100107,HR Services,Portal,Priority,Standard,22.1,5,0,84.2,-1.08,4,14,Wed,0,34.3,none,no
REQ-100108,IT Support,Chat,Standard,Standard,19.2,3,1,46.4,1.03,3,11,Fri,0,29.6,none,no
REQ-100109,Compliance,Portal,Standard,Urgent,20.9,3,0,100.0,-0.74,3,15,Wed,0,22.7,none,no
REQ-100110,Finance Ops,Email,Standard,Standard,13.9,1,1,84.9,-0.42,1,15,Thu,0,36.0,none,no
REQ-100111,IT Support,Email,Standard,Standard,14.2,1,3,87.1,0.42,2,8,Thu,0,17.7,none,no
REQ-100112,HR Services,Portal,Standard,Standard,13.7,1,0,76.1,0.92,2,15,Fri,0,22.1,none,no
REQ-100113,Finance Ops,Email,Standard,Urgent,10.2,7,0,53.9,-0.87,5,3,Wed,0,24.8,none,no
REQ-100114,IT Support,Phone,Standard,Urgent,11.2,3,3,,-0.38,1,9,Wed,0,15.5,none,no
REQ-100115,Customer Care,Email,Priority,,21.4,0,1,70.7,0.07,2,12,Mon,0,31.8,none,no
REQ-100116,Customer Care,Phone,Strategic,Standard,36.5,3,1,85.1,-0.14,1,9,Wed,0,56.9,none,no
REQ-100117,Facilities,Chat,Standard,Low,6.9,4,0,75.2,0.64,2,14,Tue,0,15.1,none,no
REQ-100118,Finance Ops,Portal,Priority,Urgent,14.1,1,0,81.1,2.0,1,15,Wed,0,24.7,none,no
REQ-100119,Facilities,Email,Priority,Standard,5.6,5,1,67.9,0.31,2,9,Thu,0,10.7,none,no
REQ-100120,Facilities,Portal,Strategic,,10.3,5,0,89.2,-0.55,4,7,Mon,0,19.4,none,no
REQ-100121,Facilities,Phone,Standard,Low,11.7,0,0,62.6,-0.97,4,11,Wed,0,15.4,none,no
REQ-100122,IT Support,Email,Strategic,Standard,17.2,3,0,100.0,-0.24,2,16,Mon,0,30.6,none,no
REQ-100123,Finance Ops,Portal,Strategic,Standard,16.9,4,1,100.0,-0.71,4,17,Tue,0,19.7,none,no
REQ-100124,IT Support,Portal,Priority,Low,15.0,2,0,99.2,0.35,4,15,Mon,0,21.8,none,no
REQ-100125,Finance Ops,Chat,Standard,Low,20.2,6,1,94.6,0.34,5,6,Mon,0,32.1,none,no
REQ-100126,HR Services,Portal,Standard,Urgent,7.5,2,0,76.9,-0.35,5,6,Fri,0,17.3,none,no
REQ-100127,IT Support,Email,Standard,Standard,17.3,1,0,93.2,1.49,2,11,Fri,0,32.6,none,no
REQ-100128,IT Support,Portal,Standard,Low,25.0,3,0,76.7,-0.55,3,9,Thu,0,35.6,none,no
REQ-100129,Facilities,Chat,Standard,Low,7.4,2,0,57.8,-0.09,4,12,Wed,0,9.2,none,no
REQ-100130,IT Support,Portal,Standard,Urgent,2.9,3,0,97.5,0.48,2,16,Thu,0,7.1,none,no
REQ-100131,Compliance,Portal,Standard,Standard,29.6,3,0,92.7,0.67,3,11,Fri,0,41.1,none,no
REQ-100132,Facilities,Chat,Standard,Standard,5.8,3,3,77.6,0.96,3,8,Wed,0,30.0,none,no
REQ-100133,HR Services,Chat,Priority,Low,9.9,3,0,62.1,0.32,2,16,Mon,0,31.2,none,no
REQ-100134,Facilities,Portal,Standard,,24.6,3,2,70.4,0.79,1,9,Thu,0,84.9,none,no
REQ-100135,IT Support,Email,Standard,Low,7.1,3,0,54.3,-0.5,1,12,Fri,0,14.6,none,no
REQ-100136,Compliance,Phone,Priority,Standard,28.2,4,0,90.3,0.69,4,5,Tue,0,48.1,none,no
REQ-100137,Finance Ops,Chat,Priority,Low,8.8,3,1,57.2,0.68,5,10,Wed,0,27.7,none,no
REQ-100138,Customer Care,Portal,Strategic,Low,7.9,3,0,81.7,1.13,4,9,Tue,0,40.6,none,no
REQ-100139,IT Support,Email,Priority,Standard,5.7,4,2,67.0,-1.25,2,4,Tue,0,32.6,none,no
REQ-100140,Finance Ops,Phone,Strategic,Urgent,8.8,3,0,59.5,-0.68,1,6,Thu,1,38.5,late_response,no
REQ-100141,Finance Ops,Phone,Standard,Standard,22.4,3,2,81.1,0.62,4,13,Tue,0,40.0,none,no
REQ-100142,Compliance,Phone,Standard,Standard,9.9,5,1,73.7,-1.99,1,5,Fri,0,25.2,none,no
REQ-100143,Finance Ops,Email,Standard,Standard,29.6,4,1,88.9,0.37,3,4,Thu,0,40.8,none,no
REQ-100144,Finance Ops,Portal,Standard,Standard,15.4,2,1,61.5,0.79,5,3,Mon,0,32.2,none,no
REQ-100145,HR Services,Chat,Strategic,Low,16.4,4,0,68.2,-0.43,1,3,Fri,0,29.5,none,no
REQ-100146,HR Services,Chat,Standard,Standard,7.7,5,0,47.0,-0.32,3,9,Thu,0,20.4,none,no
REQ-100147,Finance Ops,Phone,Standard,Standard,32.5,3,0,49.6,-0.81,5,10,Wed,1,84.2,late_response,yes
REQ-100148,Finance Ops,Portal,Standard,Standard,25.2,3,0,100.0,-0.39,2,12,Wed,0,39.5,none,no
REQ-100149,IT Support,Portal,Standard,Urgent,24.7,5,0,100.0,-0.37,5,11,Fri,0,37.0,none,no
REQ-100150,Customer Care,Phone,Standard,Urgent,13.3,3,1,79.2,-0.51,5,11,Wed,1,46.2,late_response,yes
REQ-100151,Customer Care,Portal,Standard,Low,5.0,1,1,67.3,-0.55,3,17,Mon,0,14.4,none,no
REQ-100152,IT Support,Chat,Strategic,Standard,17.1,8,2,74.1,-0.2,2,6,Tue,0,21.1,none,no
REQ-100153,Finance Ops,Portal,Standard,Low,21.7,3,1,89.4,-0.21,4,13,Tue,0,32.9,none,no
REQ-100154,IT Support,Phone,Priority,Standard,21.9,2,0,71.3,1.41,4,4,Thu,0,46.9,none,no
REQ-100155,Facilities,Chat,,Low,19.9,2,0,81.1,-0.3,3,15,Mon,0,27.3,none,no
REQ-100156,HR Services,Portal,Standard,Low,19.3,2,0,77.8,0.26,1,8,Thu,0,20.4,none,no
REQ-100157,Facilities,Portal,Standard,Standard,8.7,1,0,70.6,-0.43,4,8,Wed,0,25.0,none,no
REQ-100158,Customer Care,Email,Priority,Standard,9.1,2,0,71.2,-0.44,2,5,Fri,0,22.6,none,no
REQ-100159,Customer Care,Email,Standard,Urgent,5.7,2,0,81.8,-1.28,1,10,Wed,0,39.1,none,no
REQ-100160,IT Support,Portal,Strategic,Low,29.9,4,3,65.3,-1.18,1,8,Fri,0,36.5,none,no
REQ-100161,Compliance,Email,Standard,Low,48.5,4,0,83.9,-0.91,3,17,Fri,0,52.1,none,no
REQ-100162,IT Support,Chat,Priority,Standard,78.6,2,0,71.9,,1,5,Mon,0,88.3,none,no
REQ-100163,IT Support,Email,Priority,Low,17.9,2,1,79.7,0.81,2,9,Thu,0,26.4,none,no
REQ-100164,Finance Ops,Portal,Standard,Low,19.4,2,0,96.0,-1.34,2,16,Mon,0,21.7,none,no
REQ-100165,HR Services,Portal,Standard,Urgent,13.7,4,0,75.8,-0.41,3,15,Fri,0,26.1,none,no
REQ-100166,Customer Care,Portal,Strategic,Low,17.7,2,0,90.0,-1.03,4,14,Thu,0,25.6,none,no
REQ-100167,Customer Care,Portal,Standard,Low,7.0,4,0,54.7,-0.2,3,10,Tue,0,36.3,none,no
REQ-100168,HR Services,Portal,,Standard,13.5,0,0,71.9,,3,16,Tue,0,26.0,none,no
REQ-100169,Compliance,Email,Standard,Standard,8.0,5,0,78.4,-0.34,1,6,Wed,0,13.9,none,no
REQ-100170,HR Services,Portal,Standard,,12.2,3,2,100.0,-0.04,1,15,Thu,0,23.6,none,no
REQ-100171,Finance Ops,Chat,Priority,Standard,8.5,3,2,52.5,1.09,5,11,Thu,0,21.8,none,no
REQ-100172,HR Services,Portal,Priority,Standard,21.7,7,1,76.7,0.34,4,8,Mon,0,39.2,none,no
REQ-100173,Compliance,Portal,Standard,Low,23.6,2,1,96.9,-0.57,1,6,Tue,0,35.4,none,no
REQ-100174,IT Support,Phone,Priority,Standard,19.0,0,2,67.8,0.12,3,10,Wed,0,61.3,none,no
REQ-100175,IT Support,Chat,Standard,Standard,9.1,1,0,75.2,-0.62,1,3,Wed,0,13.1,none,no
REQ-100176,Finance Ops,Portal,Standard,Urgent,5.3,4,0,82.3,0.32,1,13,Mon,0,13.2,none,no
REQ-100177,Compliance,Portal,Standard,Standard,23.8,3,1,80.4,0.39,2,6,Tue,0,29.8,none,no
REQ-100178,Customer Care,Portal,Strategic,Standard,15.4,2,0,98.4,-1.03,4,8,Fri,0,24.2,none,no
REQ-100179,Customer Care,Email,Standard,Low,2.8,3,1,83.8,0.13,4,5,Wed,1,48.4,capacity,no
REQ-100180,Customer Care,Email,Standard,Low,17.0,4,0,95.3,-0.09,4,9,Thu,0,30.7,none,no
REQ-100181,Customer Care,Portal,Standard,Low,19.5,4,0,73.3,0.41,1,8,Wed,0,36.6,none,no
REQ-100182,Finance Ops,Portal,Priority,Standard,3.8,1,1,68.4,0.62,1,5,Wed,0,16.2,none,no
REQ-100183,HR Services,Email,Standard,Low,22.0,1,0,75.1,0.36,3,16,Thu,0,35.0,none,no
REQ-100184,Customer Care,Chat,Standard,Standard,4.4,3,0,62.9,-0.23,5,14,Tue,0,17.0,none,no
REQ-100185,Facilities,Email,Priority,,8.3,2,1,84.3,0.7,4,8,Tue,0,16.5,none,no
REQ-100186,HR Services,Email,Standard,Urgent,4.4,2,2,73.0,-0.65,4,3,Fri,1,27.1,handoff,yes
REQ-100187,IT Support,Portal,Standard,Urgent,7.6,4,0,,-0.99,1,15,Fri,0,13.5,none,no
REQ-100188,Customer Care,Portal,Standard,Low,5.4,2,1,84.5,-2.2,5,13,Thu,0,23.2,none,no
REQ-100189,HR Services,Portal,Standard,Low,29.7,2,0,63.1,-0.05,5,11,Mon,0,31.1,none,no
REQ-100190,Compliance,Phone,Standard,,12.8,5,0,88.0,-0.62,3,12,Mon,0,25.6,none,no
REQ-100191,HR Services,Chat,Priority,Urgent,10.8,3,0,71.8,0.3,2,3,Mon,0,31.0,none,no
REQ-100192,IT Support,Chat,Priority,Low,31.6,7,3,93.1,-1.48,4,10,Fri,0,55.5,none,no
REQ-100193,Customer Care,Chat,Priority,Standard,30.6,0,2,72.9,-0.49,4,5,Fri,1,47.7,capacity,yes
REQ-100194,IT Support,Chat,Strategic,Standard,11.5,3,1,86.2,,5,12,Wed,0,19.9,none,no
REQ-100195,IT Support,Chat,Standard,Standard,18.7,3,0,80.3,-0.77,1,16,Fri,0,24.9,none,no
REQ-100196,Facilities,Portal,Standard,Standard,9.7,4,1,87.7,,3,10,Mon,0,17.5,none,no
REQ-100197,Customer Care,Portal,Strategic,Standard,14.3,2,0,,-0.42,4,12,Wed,0,41.6,none,no
REQ-100198,IT Support,Portal,Standard,Urgent,6.3,3,0,56.4,-0.02,2,13,Mon,1,20.6,complexity,yes
REQ-100199,HR Services,Email,Priority,Low,20.6,2,1,91.1,,5,16,Tue,0,40.7,none,no
REQ-100200,Customer Care,Portal,Priority,Urgent,32.4,4,3,76.9,0.71,1,3,Fri,0,45.3,none,no
REQ-100201,Compliance,Phone,Standard,Low,28.8,1,1,88.3,0.07,1,7,Fri,0,36.3,none,no
REQ-100202,Finance Ops,Email,Standard,Standard,15.9,3,0,87.0,-0.61,4,7,Mon,0,22.8,none,no
REQ-100203,IT Support,Email,Standard,,2.5,0,2,67.9,-0.34,1,13,Tue,0,16.4,none,no
REQ-100204,IT Support,Portal,Standard,Standard,9.4,4,2,66.1,0.48,3,9,Wed,0,20.2,none,no
REQ-100205,IT Support,Portal,Standard,Standard,14.3,6,0,86.5,-0.77,2,14,Mon,0,16.4,none,no
REQ-100206,IT Support,Portal,Standard,Low,4.8,2,0,74.1,-0.13,4,10,Wed,0,9.8,none,no
REQ-100207,Facilities,Chat,Priority,Standard,4.0,1,0,90.2,-0.29,1,17,Wed,0,18.2,none,no
REQ-100208,IT Support,Email,Strategic,Standard,38.3,0,0,75.7,-0.08,2,14,Tue,0,42.0,none,no
REQ-100209,Finance Ops,Phone,Priority,Standard,26.6,3,0,91.3,-0.76,5,3,Tue,0,48.7,none,no
REQ-100210,Facilities,Portal,Standard,Standard,21.7,3,0,83.5,-1.39,2,17,Tue,0,24.5,none,no
REQ-100211,Facilities,Portal,Standard,Low,24.6,4,0,81.7,0.39,3,17,Fri,0,33.9,none,no
REQ-100212,IT Support,Portal,Standard,Low,5.6,4,2,73.1,0.72,5,3,Tue,0,23.7,none,no
REQ-100213,Customer Care,Phone,Standard,Low,7.4,1,0,81.0,-1.34,4,8,Wed,0,12.1,none,no
REQ-100214,Facilities,Phone,Strategic,Standard,17.9,1,0,93.5,0.28,4,17,Tue,0,21.5,none,no
REQ-100215,Customer Care,Portal,Standard,Low,18.9,4,0,77.3,0.81,5,15,Thu,0,34.8,none,no
REQ-100216,IT Support,Chat,Standard,Urgent,4.5,1,0,84.9,0.45,4,10,Mon,0,25.1,none,no
REQ-100217,IT Support,Portal,Priority,Standard,17.1,1,0,78.6,-0.31,5,11,Mon,0,26.9,none,no
REQ-100218,Compliance,Chat,Standard,Low,14.4,5,0,79.6,-0.71,3,3,Thu,0,22.6,none,no
REQ-100219,HR Services,Portal,Standard,Standard,28.2,6,1,100.0,0.06,5,11,Thu,0,30.8,none,no
REQ-100220,HR Services,Portal,Standard,Urgent,19.0,1,1,93.6,0.19,4,12,Tue,0,31.1,none,no
REQ-100221,Finance Ops,Phone,Priority,Low,41.1,2,0,,0.07,2,8,Tue,0,42.9,none,no
REQ-100222,Facilities,Portal,Priority,Low,11.5,0,1,80.8,-0.14,3,7,Fri,0,39.1,none,no
REQ-100223,Compliance,Portal,Standard,Low,5.9,1,2,68.9,-0.81,2,15,Mon,0,16.1,none,no
REQ-100224,HR Services,Portal,Strategic,Low,40.4,1,0,75.8,0.32,2,9,Mon,0,45.5,none,no
REQ-100225,Compliance,Portal,Priority,Standard,19.7,4,1,82.0,0.35,2,6,Wed,0,26.5,none,no
REQ-100226,IT Support,Phone,Priority,Urgent,14.5,2,0,89.1,0.15,3,8,Tue,0,27.3,none,no
REQ-100227,Finance Ops,Chat,Standard,Low,7.7,1,0,87.7,,2,10,Thu,0,15.5,none,no
REQ-100228,Facilities,Chat,Standard,Standard,11.6,2,2,63.6,1.26,4,6,Thu,0,22.9,none,no
REQ-100229,IT Support,Portal,Priority,Low,11.2,1,0,90.7,-0.47,2,11,Wed,0,15.6,none,no
REQ-100230,IT Support,Email,Standard,Standard,5.7,2,2,76.8,0.96,3,15,Wed,0,29.9,none,no
REQ-100231,Finance Ops,Portal,Standard,Standard,1.7,1,0,65.2,,1,14,Wed,0,8.7,none,no
REQ-100232,Compliance,Portal,Priority,Standard,11.0,6,3,95.4,0.83,2,6,Thu,0,12.2,none,no
REQ-100233,Facilities,Portal,Standard,Low,25.0,1,0,97.0,0.93,2,10,Mon,0,33.4,none,no
REQ-100234,Compliance,Chat,Priority,,34.2,2,0,81.4,-0.22,5,11,Tue,0,40.3,none,no
REQ-100235,Customer Care,Chat,Strategic,Urgent,28.9,2,0,87.2,1.25,3,13,Thu,0,52.0,none,no
REQ-100236,Finance Ops,Phone,Priority,Low,30.0,3,1,88.0,0.35,1,14,Tue,0,35.1,none,no
REQ-100237,Customer Care,Email,Standard,Low,6.3,2,3,96.1,-0.66,2,10,Mon,0,14.0,none,no
REQ-100238,IT Support,Email,Priority,Low,18.2,5,1,87.5,-0.28,4,7,Tue,0,31.2,none,no
REQ-100239,IT Support,Email,Standard,Standard,21.8,3,0,60.7,0.85,1,12,Thu,1,59.9,capacity,no
REQ-100240,Customer Care,Email,Priority,Standard,22.8,3,0,100.0,0.69,1,4,Mon,0,51.6,none,no
REQ-100241,Customer Care,Portal,Priority,Standard,14.3,8,2,91.9,-0.79,2,13,Thu,0,19.8,none,no
REQ-100242,IT Support,Portal,Priority,Standard,16.7,4,0,71.4,-0.1,2,16,Thu,0,43.4,none,no
REQ-100243,Finance Ops,Portal,Standard,Urgent,28.3,4,0,64.6,0.15,3,13,Thu,0,50.9,none,no
REQ-100244,Facilities,Chat,Standard,Standard,21.3,2,0,84.6,-0.38,1,9,Tue,0,27.3,none,no
REQ-100245,Customer Care,Email,Standard,Low,24.0,3,1,74.4,1.77,4,15,Thu,0,29.4,none,no
REQ-100246,Facilities,Chat,Standard,Standard,10.6,6,1,82.3,0.18,2,10,Mon,0,25.7,none,no
REQ-100247,Finance Ops,Portal,Standard,Low,23.2,2,0,87.7,-0.05,4,11,Fri,0,34.2,none,no
REQ-100248,HR Services,Email,Standard,Low,16.5,2,0,70.6,0.89,3,15,Thu,0,31.6,none,no
REQ-100249,Finance Ops,Portal,,Urgent,26.5,3,2,63.5,,2,5,Mon,0,35.1,none,no
REQ-100250,Facilities,Portal,Priority,Standard,8.7,2,0,83.0,0.76,3,14,Thu,0,20.6,none,no
REQ-100251,Customer Care,Portal,Strategic,Urgent,25.1,3,3,71.1,-1.25,1,13,Wed,0,35.3,none,no
REQ-100252,Finance Ops,Portal,Standard,Standard,11.8,0,1,79.9,-0.34,4,10,Wed,0,26.7,none,no
REQ-100253,HR Services,Chat,Priority,Standard,25.2,3,1,60.5,0.79,2,4,Wed,1,47.8,handoff,yes
REQ-100254,IT Support,Portal,Priority,Standard,18.3,2,3,74.7,1.18,2,14,Wed,0,30.8,none,no
REQ-100255,Customer Care,Email,Standard,,15.6,1,3,87.3,-0.58,1,6,Thu,0,44.1,none,no
REQ-100256,Customer Care,Email,Standard,Low,12.3,5,0,85.9,-0.67,2,16,Fri,0,39.6,none,no
REQ-100257,IT Support,Portal,Priority,Standard,14.6,1,0,67.8,0.43,2,14,Tue,0,28.2,none,no
REQ-100258,IT Support,Email,Strategic,Low,11.0,5,3,62.8,-0.47,2,8,Thu,0,16.2,none,no
REQ-100259,Facilities,Portal,Priority,Urgent,12.1,1,0,78.2,-0.2,5,9,Thu,0,49.8,none,no
REQ-100260,IT Support,Chat,Strategic,Low,20.9,3,0,85.3,0.66,2,3,Thu,0,35.9,none,no
REQ-100261,Customer Care,Phone,Strategic,Low,3.3,6,1,83.3,-0.41,1,10,Wed,0,38.6,none,no
REQ-100262,HR Services,Phone,Standard,Standard,24.9,5,2,71.3,-1.47,3,3,Tue,0,40.4,none,no
REQ-100263,IT Support,Email,Priority,Low,25.2,2,0,81.9,-0.98,2,17,Thu,0,25.9,none,no
REQ-100264,Compliance,Portal,Standard,Urgent,12.5,4,1,97.5,0.01,3,12,Tue,0,50.1,none,no
REQ-100265,IT Support,Chat,Strategic,Standard,17.0,3,0,80.7,-1.4,4,6,Mon,0,37.3,none,no
REQ-100266,HR Services,Portal,Standard,Low,7.0,1,0,56.8,-0.22,1,15,Wed,0,18.5,none,no
REQ-100267,IT Support,Portal,Standard,Standard,20.0,4,0,80.6,-1.04,3,3,Tue,1,40.7,capacity,yes
REQ-100268,IT Support,Portal,Priority,Standard,7.7,2,2,100.0,1.23,1,11,Mon,0,29.7,none,no
REQ-100269,IT Support,Phone,Standard,,0.6,3,1,61.3,1.62,1,4,Mon,0,15.9,none,no
REQ-100270,IT Support,Email,Priority,Standard,33.4,2,2,78.4,-0.79,1,3,Thu,0,78.2,none,no
REQ-100271,IT Support,Phone,,Standard,6.3,5,0,75.1,0.19,1,6,Fri,0,39.4,none,no
REQ-100272,IT Support,Phone,Strategic,Standard,14.3,3,0,79.2,-0.72,2,7,Wed,0,49.0,none,no
REQ-100273,Facilities,Portal,Strategic,Low,17.4,1,1,80.5,-0.23,5,13,Mon,0,30.8,none,no
REQ-100274,Facilities,Chat,Standard,Standard,20.9,3,1,92.8,1.35,5,16,Fri,0,33.9,none,no
REQ-100275,HR Services,Portal,Priority,Urgent,15.3,3,0,79.1,-0.35,1,14,Tue,0,30.7,none,no
REQ-100276,HR Services,Email,Standard,Standard,18.5,2,1,94.6,-0.21,5,14,Fri,0,25.1,none,no
REQ-100277,Finance Ops,Portal,Standard,Standard,12.3,2,1,76.5,-0.71,4,11,Wed,0,24.1,none,no
REQ-100278,Customer Care,Chat,Priority,Standard,3.9,2,0,73.4,0.86,3,8,Tue,0,14.0,none,no
REQ-100279,Customer Care,Portal,Priority,Standard,14.8,3,0,69.3,-2.2,4,6,Wed,0,41.0,none,no
REQ-100280,IT Support,Portal,Standard,Urgent,22.9,2,0,54.4,-0.33,3,17,Tue,0,52.7,none,no
REQ-100281,IT Support,Email,Standard,Low,6.7,7,0,81.6,-0.03,2,10,Thu,0,25.2,none,no
REQ-100282,IT Support,Portal,Priority,Low,17.5,3,2,100.0,-0.5,3,11,Mon,0,23.2,none,no
REQ-100283,HR Services,Portal,Standard,Standard,46.3,3,1,84.0,0.65,4,3,Fri,0,85.5,none,no
REQ-100284,Finance Ops,Email,Standard,Standard,14.1,5,0,86.9,0.9,4,9,Thu,0,36.0,none,no
REQ-100285,Finance Ops,Portal,Standard,Standard,14.7,4,2,72.6,-1.06,1,13,Fri,1,52.1,complexity,yes
REQ-100286,IT Support,Chat,Standard,Low,3.6,4,0,74.8,1.57,5,10,Fri,0,20.9,none,no
REQ-100287,HR Services,Portal,,Standard,6.0,2,1,,-1.07,2,12,Tue,0,9.2,none,no
REQ-100288,Finance Ops,Phone,Standard,Standard,7.8,1,3,100.0,0.97,5,15,Wed,0,17.9,none,no
REQ-100289,IT Support,Email,Standard,Standard,22.3,1,0,97.3,0.11,2,3,Fri,0,50.0,none,no
REQ-100290,Customer Care,Email,Strategic,Standard,7.1,1,1,88.5,-0.38,1,16,Tue,0,10.1,none,no
REQ-100291,IT Support,Email,Standard,Standard,2.4,3,1,78.5,-0.31,5,15,Mon,0,5.4,none,no
REQ-100292,Compliance,Email,Priority,Standard,19.7,2,1,80.7,-0.03,3,9,Tue,0,41.7,none,no
REQ-100293,IT Support,Chat,Standard,Standard,8.4,3,1,68.2,0.16,2,14,Tue,0,24.9,none,no
REQ-100294,Customer Care,Portal,Priority,Standard,3.7,4,0,59.2,-0.69,1,3,Fri,0,6.8,none,no
REQ-100295,Compliance,Portal,Priority,Standard,24.1,0,1,63.4,-0.18,1,7,Wed,0,33.5,none,no
REQ-100296,Compliance,Email,Strategic,Standard,11.3,5,5,,-0.58,1,4,Thu,1,46.6,capacity,yes
REQ-100297,Customer Care,Phone,Standard,Low,21.0,4,1,,-0.91,5,12,Fri,0,34.4,none,no
REQ-100298,Customer Care,Portal,Standard,Low,3.6,4,1,58.9,-0.61,1,15,Tue,0,19.1,none,no
REQ-100299,Facilities,Portal,Priority,Standard,1.5,0,1,77.5,-0.86,1,12,Thu,0,10.3,none,no
REQ-100300,Customer Care,Chat,Standard,Urgent,16.4,1,0,73.9,-0.32,5,13,Mon,0,30.3,none,no
REQ-100301,IT Support,Phone,Standard,Standard,5.8,2,0,62.8,0.32,5,5,Mon,0,24.4,none,no
REQ-100302,Finance Ops,Chat,Standard,Low,16.2,3,0,73.2,0.09,2,17,Mon,0,33.8,none,no
REQ-100303,Finance Ops,Email,Strategic,Standard,16.5,2,0,73.8,1.48,4,5,Tue,0,25.5,none,no
REQ-100304,Customer Care,Email,Priority,Low,15.0,3,0,70.0,-1.66,3,10,Tue,0,34.8,none,no
REQ-100305,Finance Ops,Portal,Priority,Standard,29.8,2,0,90.0,0.35,3,13,Wed,0,35.0,none,no
REQ-100306,HR Services,Chat,Priority,Standard,71.7,2,1,53.3,0.0,2,15,Tue,1,92.9,complexity,no
REQ-100307,Facilities,Portal,Standard,Standard,19.5,3,1,52.2,0.61,4,17,Mon,0,41.4,none,no
REQ-100308,HR Services,Phone,Standard,Standard,46.3,4,1,78.0,0.54,5,11,Thu,0,65.8,none,no
REQ-100309,IT Support,Portal,Standard,Standard,11.5,4,1,79.2,-0.12,4,11,Mon,1,42.8,complexity,no
REQ-100310,Finance Ops,Email,Priority,Standard,4.9,4,1,83.3,0.13,5,9,Thu,0,11.6,none,no
REQ-100311,Finance Ops,Phone,Standard,Urgent,8.9,5,1,71.0,-0.56,1,11,Fri,0,16.4,none,no
REQ-100312,IT Support,Email,Strategic,Standard,12.0,5,0,66.1,0.46,4,13,Thu,0,30.0,none,no
REQ-100313,HR Services,Chat,Priority,Standard,48.8,2,0,77.9,-1.41,5,12,Wed,0,64.4,none,no
REQ-100314,HR Services,Portal,Standard,Standard,15.6,4,1,72.3,0.58,3,11,Thu,0,22.0,none,no
REQ-100315,HR Services,Email,Standard,Low,30.6,2,1,98.2,-0.02,5,9,Thu,0,50.0,none,no
REQ-100316,HR Services,Portal,Standard,Low,10.8,2,0,73.8,-0.37,2,5,Fri,0,20.1,none,no
REQ-100317,Facilities,Portal,Strategic,Low,9.8,2,0,77.3,-0.17,5,3,Fri,0,15.1,none,no
REQ-100318,HR Services,Portal,Strategic,Standard,3.5,2,0,100.0,-0.12,5,9,Wed,0,11.6,none,no
REQ-100319,Compliance,Portal,Strategic,Urgent,47.8,3,1,75.5,0.97,4,8,Wed,1,86.1,late_response,no
REQ-100320,Compliance,Portal,Standard,Standard,37.3,6,1,85.2,2.0,4,12,Thu,1,73.4,late_response,yes
REQ-100321,Finance Ops,Email,Standard,Low,17.7,5,0,86.4,0.91,3,16,Mon,0,35.7,none,no
REQ-100322,HR Services,Email,Standard,Low,12.6,4,1,87.5,-0.42,2,13,Wed,0,23.4,none,no
REQ-100323,Finance Ops,Email,Standard,Standard,16.1,5,0,,0.47,3,15,Thu,0,29.7,none,no
REQ-100324,Customer Care,Portal,Standard,Standard,4.7,1,1,80.5,0.5,5,11,Thu,0,14.8,none,no
REQ-100325,Facilities,Portal,Standard,Standard,21.0,4,0,79.3,-0.69,1,16,Tue,0,27.4,none,no
REQ-100326,Customer Care,Portal,Strategic,Standard,35.3,3,0,70.5,-0.95,2,17,Tue,0,46.4,none,no
REQ-100327,Finance Ops,Phone,Standard,Standard,36.5,4,1,82.2,-0.05,3,5,Mon,0,38.5,none,no
REQ-100328,Facilities,Chat,Standard,Low,3.6,3,1,100.0,0.61,2,12,Wed,0,33.9,none,no
REQ-100329,HR Services,Portal,Priority,Standard,30.4,4,0,93.7,-1.21,4,10,Fri,0,43.7,none,no
REQ-100330,Customer Care,Email,Standard,Urgent,4.7,3,0,82.0,-0.54,2,17,Fri,0,20.8,none,no
REQ-100331,IT Support,Portal,Priority,Standard,1.6,2,1,89.1,0.43,4,11,Tue,0,8.3,none,no
REQ-100332,Facilities,Portal,Priority,Low,31.1,1,1,66.7,0.03,1,3,Tue,0,44.4,none,no
REQ-100333,Customer Care,Portal,Strategic,Urgent,10.1,2,0,74.6,1.06,2,6,Thu,0,25.0,none,no
REQ-100334,IT Support,Portal,Priority,Urgent,28.3,1,0,90.3,-1.06,4,4,Thu,0,38.0,none,no
REQ-100335,Facilities,Email,Standard,Standard,26.7,5,1,97.3,1.76,3,6,Wed,0,36.8,none,no
REQ-100336,IT Support,Chat,Priority,Standard,24.5,2,3,68.0,-1.15,4,4,Tue,0,28.2,none,no
REQ-100337,Customer Care,Portal,Standard,Low,15.9,3,1,71.7,-1.52,4,14,Mon,0,52.8,none,no
REQ-100338,IT Support,Email,,Standard,5.2,3,0,100.0,-0.04,2,10,Thu,0,11.8,none,no
REQ-100339,Compliance,Phone,Standard,Standard,12.1,4,2,79.3,-0.85,3,13,Wed,0,19.3,none,no
REQ-100340,IT Support,Chat,Standard,Low,36.9,0,2,100.0,-0.03,5,17,Tue,0,68.4,none,no
REQ-100341,Compliance,Email,Priority,Standard,28.8,2,1,80.7,-0.06,5,12,Fri,1,65.1,capacity,yes
REQ-100342,Customer Care,Portal,Standard,Urgent,12.5,6,0,81.2,-0.15,1,10,Thu,0,31.6,none,no
REQ-100343,Facilities,Email,Standard,Standard,12.4,4,0,74.0,-0.63,4,7,Fri,0,15.9,none,no
REQ-100344,Customer Care,Portal,Standard,Low,23.0,5,1,90.3,0.32,3,14,Wed,0,36.2,none,no
REQ-100345,Customer Care,Chat,Priority,Low,16.8,2,1,95.7,-0.24,1,10,Wed,0,20.3,none,no
REQ-100346,Compliance,Portal,Standard,Urgent,13.0,1,0,64.5,0.83,4,14,Fri,0,18.8,none,no
REQ-100347,HR Services,Email,Priority,Urgent,21.7,3,1,73.4,-0.14,1,3,Fri,0,62.1,none,no
REQ-100348,Facilities,Portal,Priority,Standard,21.2,4,1,89.9,-0.72,2,5,Fri,0,26.1,none,no
REQ-100349,IT Support,Portal,Standard,Standard,9.1,2,2,76.3,-1.27,4,4,Fri,1,44.3,complexity,yes
REQ-100350,Facilities,Chat,Priority,Standard,19.2,2,0,71.6,-0.13,5,13,Wed,0,24.5,none,no
REQ-100351,IT Support,Email,Standard,Standard,20.4,5,0,91.1,-0.95,3,10,Mon,0,26.2,none,no
REQ-100352,Finance Ops,Portal,Standard,Low,15.1,5,2,92.3,-1.01,5,7,Tue,0,71.7,none,no
REQ-100353,Finance Ops,Chat,Priority,Low,8.3,3,0,72.2,0.4,5,7,Fri,0,19.2,none,no
REQ-100354,Finance Ops,Chat,Strategic,Low,11.8,2,1,80.8,-1.33,3,12,Tue,0,15.0,none,no
REQ-100355,Finance Ops,Portal,Standard,Urgent,7.0,2,2,62.3,1.06,1,17,Thu,0,25.9,none,no
REQ-100356,Customer Care,Email,Standard,Low,19.5,5,1,66.4,0.12,4,17,Fri,0,46.0,none,no
REQ-100357,Customer Care,Email,,Low,3.6,5,0,79.6,-0.03,1,10,Fri,0,23.8,none,no
REQ-100358,Finance Ops,Email,Standard,Standard,39.3,8,3,,-0.78,5,13,Fri,0,49.5,none,no
REQ-100359,Facilities,Portal,Priority,Low,34.3,4,0,,0.57,2,4,Wed,0,44.7,none,no
REQ-100360,Compliance,Portal,Standard,Low,20.7,3,1,68.7,-0.0,4,17,Wed,0,28.3,none,no
REQ-100361,IT Support,Chat,,Standard,27.7,2,0,,-0.51,4,3,Fri,0,32.1,none,no
REQ-100362,IT Support,Chat,Standard,Standard,26.5,1,0,83.9,0.15,3,8,Mon,0,41.2,none,no
REQ-100363,IT Support,Phone,Priority,Standard,17.0,4,1,52.4,-1.26,5,13,Mon,0,26.7,none,no
REQ-100364,Facilities,Chat,Priority,Urgent,13.3,3,0,64.8,-1.23,4,17,Fri,1,34.3,handoff,yes
REQ-100365,Finance Ops,Phone,Priority,Low,12.2,5,1,53.8,-0.84,5,5,Thu,1,46.6,handoff,yes
REQ-100366,Customer Care,Phone,Standard,Urgent,40.3,0,0,83.4,0.26,1,12,Wed,0,46.8,none,no
REQ-100367,Facilities,Phone,Standard,Urgent,8.1,3,0,54.6,-0.0,3,5,Mon,0,22.2,none,no
REQ-100368,HR Services,Email,Standard,Standard,8.2,8,1,78.4,0.79,5,3,Wed,0,21.4,none,no
REQ-100369,Customer Care,Email,Standard,Standard,29.3,3,0,99.3,-0.69,5,9,Fri,0,38.0,none,no
REQ-100370,Customer Care,Portal,Standard,Standard,27.5,3,0,99.8,0.43,3,11,Wed,0,39.0,none,no
REQ-100371,HR Services,Email,Standard,Standard,12.7,5,2,54.5,-0.09,1,6,Tue,0,24.9,none,no
REQ-100372,HR Services,Portal,Priority,Standard,22.2,5,1,81.9,-0.71,2,17,Wed,0,44.2,none,no
REQ-100373,HR Services,Portal,Standard,Low,24.2,2,0,65.1,0.29,3,12,Fri,0,35.4,none,no
REQ-100374,IT Support,Email,Priority,Urgent,5.0,5,1,62.5,-0.05,4,9,Fri,0,12.8,none,no
REQ-100375,IT Support,Portal,Standard,Standard,35.7,5,0,76.5,-0.47,5,10,Tue,0,45.1,none,no
REQ-100376,Compliance,Portal,Priority,Standard,24.2,2,1,94.0,0.03,1,9,Wed,0,59.3,none,no
REQ-100377,Finance Ops,Phone,Standard,Standard,21.0,4,1,85.8,-0.1,2,4,Tue,0,26.4,none,no
REQ-100378,HR Services,Chat,Standard,Low,24.4,3,1,68.7,-0.12,2,12,Wed,0,34.3,none,no
REQ-100379,Customer Care,Portal,Standard,Standard,19.3,3,1,87.2,,5,14,Mon,0,29.1,none,no
REQ-100380,Finance Ops,Portal,Strategic,Standard,14.4,2,0,48.8,-0.98,1,9,Wed,0,24.6,none,no
REQ-100381,Compliance,Portal,Standard,Standard,17.1,4,0,68.2,0.06,2,9,Wed,0,21.3,none,no
REQ-100382,Customer Care,Phone,Standard,Standard,4.6,4,1,67.3,-0.6,2,16,Tue,0,13.9,none,no
REQ-100383,Finance Ops,Phone,Standard,Low,50.5,1,1,79.0,-0.77,1,12,Tue,0,58.0,none,no
REQ-100384,HR Services,Portal,Priority,Standard,14.3,4,1,75.4,-0.18,4,7,Mon,0,28.4,none,no
REQ-100385,Compliance,Phone,Standard,Standard,50.0,1,2,76.2,0.55,3,3,Mon,0,74.1,none,no
REQ-100386,Facilities,Portal,Standard,Urgent,17.3,6,1,75.7,0.14,3,15,Thu,0,32.2,none,no
REQ-100387,Compliance,Portal,Standard,Low,9.7,2,0,78.3,-0.4,5,12,Tue,0,22.2,none,no
REQ-100388,IT Support,Chat,Strategic,Low,35.0,1,0,85.0,-0.43,3,12,Mon,0,51.0,none,no
REQ-100389,Customer Care,Portal,Standard,Low,20.4,2,2,79.9,0.48,2,7,Fri,0,33.8,none,no
REQ-100390,Facilities,Portal,Standard,Standard,62.1,2,1,74.3,-1.8,2,5,Tue,0,73.5,none,no
REQ-100391,IT Support,Portal,Strategic,Standard,9.5,4,0,83.2,0.6,5,10,Fri,0,30.9,none,no
REQ-100392,Facilities,Email,Standard,,36.0,0,1,88.7,-1.41,3,14,Wed,0,45.2,none,no
REQ-100393,Facilities,Chat,Standard,Urgent,37.2,1,0,70.8,-1.06,1,7,Thu,0,41.4,none,no
REQ-100394,IT Support,Chat,Standard,Low,25.6,3,1,77.2,-0.39,4,10,Wed,0,32.9,none,no
REQ-100395,Finance Ops,Portal,Standard,Standard,37.4,2,0,93.1,1.63,4,17,Mon,0,43.9,none,no
REQ-100396,Customer Care,Portal,Standard,Low,14.5,3,1,63.7,1.26,2,6,Fri,0,55.8,none,no
REQ-100397,HR Services,Phone,Standard,Low,8.0,2,1,100.0,0.53,3,6,Fri,0,33.1,none,no
REQ-100398,Finance Ops,Portal,Priority,Standard,10.4,3,0,60.6,0.27,3,6,Tue,0,23.1,none,no
REQ-100399,Finance Ops,Chat,Priority,Low,16.4,3,0,73.5,-1.4,1,16,Thu,0,23.1,none,no
REQ-100400,HR Services,Email,Standard,Standard,26.5,3,1,65.6,0.12,1,10,Wed,0,47.7,none,no
REQ-100401,Compliance,Portal,Standard,,8.5,5,0,100.0,-0.41,4,16,Fri,1,44.3,late_response,yes
REQ-100402,Customer Care,Phone,Standard,Standard,12.2,1,2,71.5,-0.61,4,17,Thu,0,21.4,none,no
REQ-100403,IT Support,Portal,Strategic,Standard,9.1,3,0,71.5,0.12,4,9,Mon,0,21.4,none,no
REQ-100404,Compliance,Portal,Standard,Standard,29.6,3,0,73.2,-0.35,2,3,Fri,0,39.0,none,no
REQ-100405,Customer Care,Email,Priority,Standard,49.7,3,1,79.2,0.65,3,7,Fri,0,65.6,none,no
REQ-100406,HR Services,Email,Standard,Low,6.9,2,0,73.7,-1.45,5,11,Thu,0,10.8,none,no
REQ-100407,Customer Care,Email,Priority,Low,22.9,5,0,76.3,0.06,2,8,Mon,0,38.7,none,no
REQ-100408,IT Support,Email,Standard,Standard,32.1,1,0,35.0,-0.66,4,3,Thu,0,41.5,none,no
REQ-100409,Compliance,Chat,Priority,Urgent,13.6,1,1,,-0.31,1,17,Thu,0,35.1,none,no
REQ-100410,Facilities,Chat,Standard,,4.8,4,0,78.2,0.23,1,7,Tue,0,30.2,none,no
REQ-100411,Facilities,Email,Strategic,Standard,34.8,1,0,91.5,-0.84,5,12,Fri,0,63.9,none,no
REQ-100412,IT Support,Portal,Standard,Standard,4.5,3,0,95.0,0.12,1,17,Wed,0,47.8,none,no
REQ-100413,Customer Care,Phone,Priority,Standard,41.5,2,0,75.6,-0.16,4,11,Fri,0,70.0,none,no
REQ-100414,IT Support,Chat,Priority,Standard,8.9,2,1,88.6,-0.5,3,13,Thu,1,42.5,late_response,yes
REQ-100415,HR Services,Portal,Strategic,Standard,3.9,3,2,63.7,-0.35,5,3,Tue,0,8.2,none,no
REQ-100416,IT Support,Email,Standard,Standard,11.0,3,1,88.0,-0.12,3,13,Fri,0,12.1,none,no
REQ-100417,Customer Care,Portal,Standard,,15.5,5,0,70.6,-0.58,4,15,Wed,1,54.0,capacity,yes
REQ-100418,IT Support,Portal,Standard,Low,17.9,3,0,62.6,0.01,5,16,Wed,0,23.7,none,no
REQ-100419,Compliance,Email,Standard,Urgent,24.3,4,1,75.6,-0.21,5,4,Tue,1,111.3,capacity,yes
REQ-100420,Facilities,Portal,Standard,Low,19.1,3,0,96.2,-0.46,4,6,Mon,0,22.0,none,no
REQ-100421,IT Support,Phone,Strategic,Urgent,47.2,8,0,80.4,1.19,1,3,Thu,0,67.7,none,no
REQ-100422,IT Support,Phone,Strategic,Low,15.0,2,0,97.5,0.31,1,16,Wed,0,28.3,none,no
REQ-100423,IT Support,Phone,Standard,Low,19.8,1,1,68.3,-0.29,3,7,Fri,0,23.0,none,no
REQ-100424,Facilities,Portal,Priority,Low,18.6,7,1,91.6,0.11,4,10,Fri,1,54.2,handoff,yes
REQ-100425,Customer Care,Portal,Priority,Standard,3.5,2,0,69.5,-0.77,4,10,Thu,0,9.8,none,no
REQ-100426,IT Support,Phone,Strategic,Standard,5.8,6,0,80.9,-0.33,4,13,Tue,0,16.7,none,no
REQ-100427,Customer Care,Phone,,Low,16.5,4,0,80.8,-0.24,1,16,Thu,0,27.5,none,no
REQ-100428,IT Support,Email,Standard,Standard,21.5,3,1,86.6,-0.94,1,7,Mon,0,27.9,none,no
REQ-100429,Customer Care,Chat,Priority,Standard,2.2,1,0,81.3,0.29,1,14,Fri,0,11.0,none,no
REQ-100430,Compliance,Portal,Standard,Standard,48.6,5,1,68.4,-0.38,3,7,Wed,0,54.5,none,no
REQ-100431,Customer Care,Chat,Standard,Urgent,22.7,1,0,89.4,-0.27,4,5,Fri,0,24.7,none,no
REQ-100432,Facilities,Portal,Strategic,Standard,15.8,5,2,100.0,-0.43,1,4,Tue,0,28.3,none,no
REQ-100433,Customer Care,Portal,Strategic,Low,22.0,3,1,70.4,2.0,5,8,Tue,0,50.3,none,no
REQ-100434,IT Support,Email,Strategic,Low,10.5,2,2,54.1,-0.5,2,11,Fri,0,16.8,none,no
REQ-100435,IT Support,Portal,Priority,Urgent,18.1,0,0,84.5,-1.55,4,14,Wed,0,56.0,none,no
REQ-100436,IT Support,Portal,Standard,Low,20.1,4,1,73.7,-1.2,4,15,Fri,0,63.3,none,no
REQ-100437,Finance Ops,Portal,Standard,Standard,35.1,2,0,76.3,0.57,1,10,Fri,0,43.3,none,no
REQ-100438,Customer Care,Portal,Standard,Urgent,14.0,3,4,85.2,1.0,5,9,Wed,1,36.6,handoff,yes
REQ-100439,Facilities,Phone,Standard,Urgent,4.6,1,1,72.1,-0.51,5,5,Wed,0,12.9,none,no
REQ-100440,Customer Care,Portal,Standard,Standard,7.9,1,1,74.5,0.96,5,16,Wed,0,12.3,none,no
REQ-100441,IT Support,Email,Priority,Standard,13.2,0,1,76.7,0.56,1,8,Fri,0,23.0,none,no
REQ-100442,Customer Care,Phone,,Standard,5.1,3,1,97.1,-0.14,2,14,Fri,0,14.1,none,no
REQ-100443,IT Support,Portal,Priority,Standard,7.2,1,0,78.4,-0.2,2,12,Tue,0,19.5,none,no
REQ-100444,HR Services,Portal,Standard,Low,7.9,2,0,61.9,0.14,3,16,Thu,0,20.8,none,no
REQ-100445,Facilities,Chat,Standard,Low,12.5,1,0,62.5,0.66,5,17,Tue,0,16.6,none,no
REQ-100446,Compliance,Phone,Standard,Standard,22.5,2,1,79.8,0.3,4,13,Wed,1,57.3,complexity,no
REQ-100447,Facilities,Email,Standard,Low,12.1,3,1,63.3,-0.51,4,12,Thu,0,21.8,none,no
REQ-100448,IT Support,Phone,Priority,Standard,23.5,2,0,57.7,-0.13,3,5,Fri,0,28.4,none,no
REQ-100449,Facilities,Portal,Standard,Standard,15.8,2,1,86.3,1.49,5,3,Wed,0,25.4,none,no
REQ-100450,IT Support,Portal,Standard,Urgent,7.4,2,0,86.9,0.19,5,11,Tue,0,20.6,none,no
REQ-100451,Customer Care,Phone,Priority,Standard,20.3,4,0,73.2,0.65,5,13,Tue,0,52.3,none,no
REQ-100452,Facilities,Portal,Standard,Standard,18.2,3,0,81.8,0.4,5,14,Mon,0,46.8,none,no
REQ-100453,IT Support,Phone,Standard,Standard,23.9,2,1,80.4,0.21,4,6,Tue,0,31.5,none,no
REQ-100454,IT Support,Email,Standard,Low,27.3,4,0,85.8,0.08,1,10,Fri,0,37.5,none,no
REQ-100455,IT Support,Phone,Standard,Standard,35.8,2,1,85.9,0.67,2,15,Tue,0,41.6,none,no
REQ-100456,Compliance,Email,Priority,Low,23.0,1,1,44.1,0.54,4,4,Tue,0,37.8,none,no
REQ-100457,Finance Ops,Portal,Standard,Urgent,17.8,2,1,74.9,0.2,2,8,Thu,0,25.8,none,no
REQ-100458,Customer Care,Portal,Standard,Standard,24.0,2,0,84.7,-0.52,1,17,Mon,0,33.9,none,no
REQ-100459,Facilities,Portal,Standard,Urgent,11.2,2,2,72.7,0.29,5,5,Tue,0,34.8,none,no
REQ-100460,Finance Ops,Phone,Standard,Urgent,10.6,3,1,78.5,,3,7,Fri,0,14.7,none,no
REQ-100461,IT Support,Portal,Standard,Urgent,39.0,2,2,87.8,-0.23,5,10,Mon,1,91.2,complexity,yes
REQ-100462,Compliance,Portal,Priority,Low,10.3,2,0,79.1,2.0,2,13,Tue,0,26.2,none,no
REQ-100463,HR Services,Portal,Standard,Urgent,8.1,1,0,97.6,-1.15,2,6,Wed,0,35.8,none,no
REQ-100464,Finance Ops,Portal,Standard,Standard,23.0,6,1,92.7,0.72,2,14,Tue,0,42.6,none,no
REQ-100465,Facilities,Phone,Standard,Standard,11.3,4,0,76.5,-0.65,2,6,Tue,0,33.5,none,no
REQ-100466,Facilities,Portal,,Standard,27.1,1,1,75.4,0.1,3,8,Tue,0,39.0,none,no
REQ-100467,Compliance,Chat,Standard,Standard,34.1,0,0,40.9,1.93,2,11,Tue,0,38.9,none,no
REQ-100468,IT Support,Portal,Priority,Low,9.0,0,1,73.8,-0.72,5,3,Fri,0,16.2,none,no
REQ-100469,Finance Ops,Email,Strategic,Low,24.8,6,1,60.4,-0.54,2,14,Wed,0,30.9,none,no
REQ-100470,Finance Ops,Portal,Standard,Low,10.1,5,0,80.9,-0.01,3,13,Tue,0,11.7,none,no
REQ-100471,Finance Ops,Portal,Standard,Standard,13.4,5,1,80.0,,5,15,Tue,0,37.0,none,no
REQ-100472,IT Support,Chat,Strategic,Urgent,19.7,2,1,87.0,0.66,3,7,Fri,0,30.6,none,no
REQ-100473,IT Support,Chat,Standard,Standard,10.6,4,5,96.2,-0.4,1,8,Mon,0,16.3,none,no
REQ-100474,HR Services,Chat,Standard,Standard,18.5,5,0,77.7,0.49,1,16,Fri,0,60.6,none,no
REQ-100475,HR Services,Portal,Standard,Standard,14.2,2,4,100.0,-1.0,3,4,Tue,0,68.5,none,no
REQ-100476,Finance Ops,Portal,Priority,Standard,27.5,2,4,81.0,,4,10,Fri,1,46.5,capacity,yes
REQ-100477,Facilities,Email,Priority,Low,27.5,5,1,61.0,-0.17,5,10,Tue,0,37.3,none,no
REQ-100478,Facilities,Portal,Standard,Standard,10.6,2,1,70.7,-1.18,1,9,Mon,0,19.9,none,no
REQ-100479,Finance Ops,Phone,Strategic,Low,20.0,1,0,73.2,1.14,3,9,Wed,0,25.3,none,no
REQ-100480,Finance Ops,Email,Standard,Standard,30.3,1,0,85.7,-1.15,2,14,Tue,0,53.5,none,no
REQ-100481,IT Support,Email,Standard,Standard,7.1,3,0,65.7,-0.78,3,5,Thu,0,8.7,none,no
REQ-100482,Facilities,Phone,Standard,,14.2,3,0,74.1,0.31,3,16,Thu,0,49.3,none,no
REQ-100483,HR Services,Phone,Standard,Urgent,19.4,2,2,75.9,-0.44,2,16,Thu,0,31.7,none,no
REQ-100484,IT Support,Portal,Standard,Low,6.8,2,0,72.2,-1.14,1,5,Mon,0,46.6,none,no
REQ-100485,Finance Ops,Portal,Standard,,11.6,2,0,88.5,1.53,1,17,Thu,0,23.1,none,no
REQ-100486,Finance Ops,Email,Standard,Standard,44.1,5,2,86.3,-0.75,3,6,Tue,0,53.4,none,no
REQ-100487,IT Support,Email,Priority,Standard,10.3,1,2,93.2,-0.15,2,3,Fri,0,34.8,none,no
REQ-100488,Finance Ops,Portal,Standard,Standard,11.2,5,2,73.7,-0.16,2,8,Thu,0,50.8,none,no
REQ-100489,Finance Ops,Portal,Standard,Urgent,22.8,0,0,93.6,0.53,1,14,Wed,0,58.3,none,no
REQ-100490,Facilities,Phone,Priority,Urgent,6.1,2,0,60.3,0.35,1,15,Fri,0,8.6,none,no
REQ-100491,Facilities,Phone,Standard,Standard,14.4,5,0,60.0,-0.62,1,12,Wed,0,43.9,none,no
REQ-100492,Facilities,Email,Priority,Standard,8.2,5,2,62.2,-0.24,2,15,Wed,1,26.7,complexity,no
REQ-100493,HR Services,Portal,Priority,Standard,18.5,3,1,,,1,6,Tue,0,29.1,none,no
REQ-100494,Customer Care,Portal,Priority,Standard,0.7,1,0,93.6,0.56,2,16,Thu,0,9.5,none,no
REQ-100495,Finance Ops,Email,Standard,Urgent,16.7,2,1,70.2,-0.88,2,12,Tue,1,33.3,late_response,yes
REQ-100496,Finance Ops,Portal,Standard,Standard,19.8,1,0,71.8,1.51,2,5,Mon,0,29.7,none,no
REQ-100497,Facilities,Email,Standard,Standard,11.8,0,0,75.2,-0.57,1,4,Fri,0,17.0,none,no
REQ-100498,HR Services,Email,Standard,Low,12.4,3,0,85.4,-0.01,1,7,Mon,0,42.0,none,no
REQ-100499,Finance Ops,Portal,Standard,Low,10.8,0,2,71.8,-0.87,5,4,Thu,0,30.2,none,no
REQ-100500,Customer Care,Portal,Standard,Urgent,14.3,4,1,71.1,-0.97,4,7,Mon,0,28.3,none,no
REQ-100501,Customer Care,Portal,,Standard,39.3,3,1,60.5,-0.66,1,17,Wed,0,48.1,none,no
REQ-100502,Compliance,Chat,Standard,Standard,28.1,6,0,70.6,-0.73,2,6,Fri,0,35.6,none,no
REQ-100503,Finance Ops,Email,Standard,Low,14.2,6,1,93.3,-0.31,2,12,Mon,0,30.6,none,no
REQ-100504,Finance Ops,Portal,Priority,Standard,11.6,3,0,79.2,-0.73,5,17,Thu,0,26.0,none,no
REQ-100505,Customer Care,Chat,Strategic,,26.4,3,0,68.4,0.52,5,6,Wed,0,52.0,none,no
REQ-100506,HR Services,Email,Standard,Urgent,17.7,4,1,,-0.59,4,13,Fri,0,25.3,none,no
REQ-100507,Customer Care,Email,Strategic,Low,6.7,4,0,70.4,-0.67,1,9,Mon,0,13.7,none,no
REQ-100508,Finance Ops,Chat,Standard,Standard,13.1,4,1,96.5,-0.29,3,7,Thu,0,32.0,none,no
REQ-100509,IT Support,Portal,Strategic,Standard,36.7,2,1,96.2,0.74,3,17,Wed,0,58.4,none,no
REQ-100510,IT Support,Portal,,Standard,22.2,4,2,78.7,0.16,4,12,Wed,0,73.8,none,no
REQ-100511,Customer Care,Email,Standard,Standard,11.7,4,1,58.5,-0.07,5,9,Tue,0,14.0,none,no
REQ-100512,IT Support,Portal,Priority,Standard,4.3,3,2,100.0,-1.07,2,15,Tue,0,35.0,none,no
REQ-100513,HR Services,Email,Strategic,Standard,18.4,5,2,83.0,-0.86,3,16,Wed,0,31.6,none,no
REQ-100514,HR Services,Portal,Strategic,Standard,15.9,5,0,73.8,-0.96,2,14,Mon,0,23.9,none,no
REQ-100515,IT Support,Portal,Strategic,,13.9,5,2,90.4,0.98,2,16,Wed,0,30.4,none,no
REQ-100516,HR Services,Portal,Standard,Standard,26.5,4,0,87.1,,2,7,Thu,0,42.6,none,no
REQ-100517,Customer Care,Portal,Standard,Standard,22.4,2,1,95.0,-0.65,4,8,Wed,0,30.6,none,no
REQ-100518,IT Support,Portal,Priority,Standard,4.5,3,1,69.4,-0.42,3,6,Mon,0,7.0,none,no
REQ-100519,Customer Care,Portal,Standard,Standard,16.0,3,0,82.1,-0.62,4,13,Tue,0,46.7,none,no
REQ-100520,Customer Care,Chat,Standard,Standard,5.6,3,0,62.6,-0.66,4,15,Wed,0,12.1,none,no
REQ-100521,HR Services,Portal,Standard,Urgent,10.9,3,0,86.7,0.35,2,12,Thu,0,16.6,none,no
REQ-100522,IT Support,Portal,Standard,Low,5.2,5,1,77.7,-0.22,5,11,Fri,0,12.3,none,no
REQ-100523,Facilities,Portal,Standard,Standard,5.4,1,1,,1.56,1,14,Wed,0,26.4,none,no
REQ-100524,IT Support,Portal,Priority,Low,20.0,2,0,76.1,0.94,5,5,Thu,0,29.0,none,no
REQ-100525,HR Services,Portal,Standard,Standard,18.6,2,1,74.7,0.98,1,8,Mon,0,25.9,none,no
REQ-100526,Compliance,Email,Priority,Low,15.1,4,0,66.7,0.5,2,13,Fri,0,30.8,none,no
REQ-100527,Compliance,Portal,Priority,Standard,10.2,2,0,88.3,-0.32,5,3,Tue,0,24.3,none,no
REQ-100528,Customer Care,Chat,Standard,Low,4.9,0,2,97.4,0.45,4,16,Tue,0,12.2,none,no
REQ-100529,HR Services,Chat,Standard,Standard,10.9,4,1,70.8,-0.26,2,5,Tue,0,13.4,none,no
REQ-100530,Facilities,Portal,Standard,Urgent,18.7,2,1,85.2,1.22,5,14,Mon,0,39.4,none,no
REQ-100531,Facilities,Portal,Strategic,Standard,18.4,4,2,83.6,0.3,1,12,Thu,0,32.7,none,no
REQ-100532,HR Services,Portal,Priority,Urgent,36.2,4,0,78.1,0.2,4,15,Tue,0,37.9,none,no
REQ-100533,Facilities,Email,Standard,Urgent,32.9,3,0,58.2,0.1,3,14,Tue,0,66.7,none,no
REQ-100534,IT Support,Portal,Standard,Urgent,15.6,0,0,61.1,1.31,2,10,Mon,0,17.2,none,no
REQ-100535,IT Support,Chat,Standard,Low,10.9,1,0,67.8,-1.08,5,14,Fri,0,17.0,none,no
REQ-100536,Finance Ops,Phone,Standard,Standard,8.3,2,0,50.2,1.38,4,8,Thu,0,14.8,none,no
REQ-100537,IT Support,Phone,Strategic,Low,4.2,1,1,96.3,-0.14,1,11,Fri,0,11.7,none,no
REQ-100538,IT Support,Email,Priority,,6.1,4,1,82.8,-1.05,1,16,Fri,0,13.4,none,no
REQ-100539,Customer Care,Chat,Standard,Urgent,18.7,6,1,77.6,-0.56,1,4,Fri,0,22.7,none,no
REQ-100540,Compliance,Portal,Priority,Standard,23.4,2,1,49.5,-1.24,3,8,Wed,0,36.7,none,no
REQ-100541,Finance Ops,Portal,Standard,Standard,12.5,3,0,54.3,0.49,3,3,Mon,0,35.7,none,no
REQ-100542,Customer Care,Portal,Priority,Standard,60.8,4,2,78.0,-0.78,4,11,Tue,0,74.0,none,no
REQ-100543,Compliance,Chat,Standard,Standard,6.2,4,0,100.0,0.13,4,14,Tue,1,38.4,handoff,yes
REQ-100544,IT Support,Email,Standard,Standard,3.8,4,0,68.9,0.85,1,3,Thu,0,13.0,none,no
REQ-100545,Finance Ops,Phone,Strategic,Standard,60.1,7,2,89.2,-0.5,3,11,Mon,1,88.7,complexity,yes
REQ-100546,HR Services,Portal,Standard,Urgent,4.7,0,0,71.8,-0.2,4,9,Mon,0,20.4,none,no
REQ-100547,IT Support,Chat,Priority,Low,12.4,3,0,78.7,-0.98,5,14,Thu,0,31.9,none,no
REQ-100548,Customer Care,Email,Strategic,Low,8.9,6,2,93.8,-0.29,2,6,Mon,0,15.7,none,no
REQ-100549,Finance Ops,Email,Standard,Standard,19.7,1,2,73.5,1.93,1,5,Mon,0,25.7,none,no
REQ-100550,Finance Ops,Chat,Standard,Urgent,11.7,4,0,69.0,0.58,1,4,Mon,0,12.8,none,no
REQ-100551,IT Support,Portal,,Low,23.5,1,1,96.4,-0.2,2,9,Thu,0,63.8,none,no
REQ-100552,IT Support,Portal,Standard,Low,26.9,3,1,78.6,-0.46,3,10,Mon,0,65.6,none,no
REQ-100553,Compliance,Email,Standard,Low,4.2,5,0,92.2,-0.03,2,16,Mon,0,15.4,none,no
REQ-100554,IT Support,Portal,,Urgent,8.1,1,1,69.1,0.1,1,9,Tue,0,19.8,none,no
REQ-100555,IT Support,Portal,Priority,Low,24.8,3,0,96.3,-0.31,2,5,Thu,0,57.0,none,no
REQ-100556,HR Services,Portal,Standard,Standard,30.5,2,1,81.6,0.4,2,13,Mon,0,34.5,none,no
REQ-100557,Finance Ops,Portal,Standard,Urgent,17.3,3,0,83.7,-0.72,3,3,Mon,0,22.9,none,no
REQ-100558,Facilities,Chat,Priority,Low,20.7,3,2,79.7,-0.72,1,8,Fri,0,54.2,none,no
REQ-100559,Finance Ops,Email,Standard,Standard,37.7,3,1,71.4,0.28,4,12,Fri,0,46.8,none,no
REQ-100560,IT Support,Portal,Priority,Standard,11.8,0,0,78.0,-0.88,3,6,Mon,0,16.7,none,no
REQ-100561,HR Services,Portal,Standard,Standard,17.2,1,1,72.2,0.55,2,11,Tue,0,33.6,none,no
REQ-100562,Customer Care,Portal,Strategic,Standard,32.9,3,1,90.5,-0.01,5,9,Mon,0,39.8,none,no
REQ-100563,Facilities,Email,Priority,Standard,34.3,2,0,75.4,-1.37,4,17,Thu,1,89.5,handoff,yes
REQ-100564,Facilities,Chat,Standard,Low,14.3,4,0,58.5,0.08,1,7,Tue,0,27.1,none,no
REQ-100565,Facilities,Chat,Strategic,Standard,8.3,4,0,56.2,-1.26,1,16,Fri,1,36.1,handoff,no
REQ-100566,Customer Care,Portal,Standard,Standard,14.2,4,0,55.6,0.52,1,12,Fri,0,21.6,none,no
REQ-100567,IT Support,Portal,,Low,15.2,2,1,,-0.19,3,14,Wed,0,31.0,none,no
REQ-100568,HR Services,Email,Standard,Standard,8.1,2,0,63.0,1.39,2,5,Mon,1,41.2,complexity,no
REQ-100569,Finance Ops,Email,Priority,Urgent,9.1,3,0,81.9,0.8,2,3,Fri,0,18.1,none,no
REQ-100570,HR Services,Email,Standard,Low,34.3,2,1,79.8,-0.8,3,13,Thu,0,54.3,none,no
REQ-100571,Customer Care,Email,Standard,Low,21.3,6,1,77.2,-1.52,3,10,Thu,0,53.8,none,no
REQ-100572,Finance Ops,Email,Standard,Standard,12.5,4,2,83.7,,1,7,Mon,0,30.6,none,no
REQ-100573,Customer Care,Portal,Standard,,6.5,6,2,80.1,-0.92,1,16,Thu,0,12.9,none,no
REQ-100574,Customer Care,Portal,Standard,Low,9.1,2,0,42.8,1.37,4,7,Thu,0,13.7,none,no
REQ-100575,Finance Ops,Portal,Standard,Standard,3.5,5,0,73.8,-0.01,5,9,Fri,0,22.7,none,no
REQ-100576,Compliance,Portal,Standard,Low,17.6,4,0,83.5,0.7,5,13,Wed,0,35.7,none,no
REQ-100577,Facilities,Portal,Standard,Standard,8.8,1,1,99.3,-0.21,5,17,Wed,0,17.3,none,no
REQ-100578,Customer Care,Phone,Standard,Standard,18.6,0,0,99.9,-0.13,3,16,Wed,0,28.8,none,no
REQ-100579,HR Services,Portal,Standard,Standard,24.6,1,0,60.3,-0.02,5,12,Thu,0,31.3,none,no
REQ-100580,Finance Ops,Portal,Priority,Low,18.8,2,1,73.5,0.83,5,4,Fri,0,23.5,none,no
REQ-100581,Finance Ops,Email,Standard,Urgent,11.4,2,1,57.6,0.23,5,4,Wed,1,32.5,handoff,yes
REQ-100582,IT Support,Phone,Standard,Low,7.7,0,0,97.8,-0.79,1,13,Tue,0,8.5,none,no
REQ-100583,HR Services,Portal,Standard,Standard,5.7,3,2,91.2,1.22,1,10,Mon,0,31.8,none,no
REQ-100584,Compliance,Phone,Standard,Standard,32.2,3,1,82.6,-0.22,3,4,Wed,0,35.6,none,no
REQ-100585,Facilities,Chat,Standard,Standard,18.3,3,2,80.2,-0.34,3,13,Fri,0,29.7,none,no
REQ-100586,IT Support,Email,Priority,Low,11.8,0,1,95.9,-2.12,5,17,Mon,0,13.2,none,no
REQ-100587,HR Services,Email,Standard,Low,22.5,1,0,93.7,0.48,2,3,Tue,0,40.2,none,no
REQ-100588,IT Support,Portal,Standard,Standard,28.9,4,1,93.1,0.08,5,15,Fri,0,50.4,none,no
REQ-100589,IT Support,Chat,Standard,Low,8.9,1,0,83.9,0.07,5,8,Wed,0,21.1,none,no
REQ-100590,Compliance,Portal,Standard,Low,17.9,4,0,73.5,-0.3,5,8,Tue,0,28.8,none,no
REQ-100591,Finance Ops,Chat,Standard,Standard,18.1,3,1,88.0,-0.43,1,13,Tue,0,24.8,none,no
REQ-100592,HR Services,Email,Standard,Urgent,36.6,3,0,88.6,-0.28,2,6,Tue,1,82.9,handoff,yes
REQ-100593,Facilities,Portal,Standard,Low,11.7,1,2,75.5,0.35,2,5,Mon,0,14.5,none,no
REQ-100594,IT Support,Portal,Standard,Urgent,7.5,0,1,73.4,0.48,4,17,Thu,1,36.3,handoff,no
REQ-100595,HR Services,Email,Priority,Standard,19.2,6,2,92.7,,4,8,Wed,0,25.3,none,no
REQ-100596,Facilities,Email,Strategic,Urgent,23.8,5,1,99.6,0.71,3,5,Thu,1,52.6,handoff,no
REQ-100597,Facilities,Portal,Standard,Standard,16.9,3,0,68.3,-0.06,1,13,Wed,0,42.1,none,no
REQ-100598,Compliance,Phone,Standard,Standard,38.2,4,0,74.6,-0.38,3,6,Mon,0,48.6,none,no
REQ-100599,Facilities,Chat,Priority,Standard,11.7,3,0,82.6,,4,14,Mon,0,18.3,none,no
REQ-100600,Finance Ops,Email,Standard,Standard,17.2,2,1,84.3,-1.02,3,4,Mon,1,38.8,complexity,yes
REQ-100601,Customer Care,Email,Priority,Urgent,4.5,1,1,71.2,0.17,2,10,Mon,0,18.3,none,no
REQ-100602,Compliance,Portal,Priority,Low,7.2,5,0,100.0,,3,9,Thu,0,28.4,none,no
REQ-100603,Customer Care,Phone,Strategic,Low,8.9,5,0,83.5,-0.77,4,17,Mon,0,24.8,none,no
REQ-100604,Compliance,Portal,Strategic,Low,13.2,2,0,84.9,-1.51,3,10,Thu,0,23.9,none,no
REQ-100605,Customer Care,Chat,Standard,Urgent,5.2,2,2,100.0,-0.13,5,16,Mon,0,16.5,none,no
REQ-100606,Customer Care,Portal,Standard,Standard,22.3,2,2,72.2,1.21,2,6,Mon,0,37.6,none,no
REQ-100607,IT Support,Email,Standard,Standard,8.3,3,0,76.9,-0.09,4,10,Mon,0,13.6,none,no
REQ-100608,Customer Care,Portal,Standard,Urgent,54.2,2,0,61.7,0.48,5,15,Wed,1,84.7,capacity,no
REQ-100609,Finance Ops,Portal,Standard,Urgent,8.6,3,1,75.8,1.76,2,5,Thu,0,40.5,none,no
REQ-100610,Finance Ops,Phone,,Low,16.0,7,0,58.6,0.3,2,16,Fri,0,28.2,none,no
REQ-100611,Facilities,Email,Standard,Standard,14.6,3,1,87.7,-0.57,1,14,Mon,0,23.3,none,no
REQ-100612,Compliance,Email,,Urgent,6.7,2,1,83.5,-0.47,2,13,Wed,0,15.3,none,no
REQ-100613,Compliance,Chat,Priority,Low,13.2,0,1,74.4,0.0,1,6,Thu,0,28.1,none,no
REQ-100614,HR Services,Chat,Standard,Standard,13.1,5,0,76.7,-0.47,4,15,Tue,0,26.1,none,no
REQ-100615,Customer Care,Chat,Standard,Standard,26.9,3,1,87.9,,1,15,Mon,0,45.2,none,no
REQ-100616,Customer Care,Portal,Strategic,Standard,19.7,4,2,63.2,0.74,4,7,Mon,1,39.0,late_response,yes
REQ-100617,HR Services,Email,Standard,Standard,22.1,1,0,80.7,0.77,3,11,Mon,0,32.0,none,no
REQ-100618,IT Support,Chat,Standard,Low,26.5,1,3,87.1,-1.24,5,3,Fri,1,67.0,capacity,no
REQ-100619,IT Support,Portal,Standard,Low,22.3,4,1,54.8,-0.61,2,8,Tue,1,57.5,capacity,yes
REQ-100620,Customer Care,Portal,Strategic,Low,17.8,4,1,86.9,-0.35,2,5,Wed,0,39.4,none,no
REQ-100621,Finance Ops,Phone,Standard,Low,8.9,4,0,56.2,0.45,2,11,Thu,0,27.8,none,no
REQ-100622,Compliance,Email,Standard,Standard,17.0,6,2,76.5,0.86,3,11,Tue,0,36.4,none,no
REQ-100623,Finance Ops,Email,Standard,Standard,7.6,4,1,62.9,2.0,2,10,Thu,0,21.2,none,no
REQ-100624,Compliance,Chat,Standard,Low,13.9,4,0,96.6,-0.35,1,13,Mon,0,17.2,none,no
REQ-100625,Finance Ops,Email,Strategic,Standard,12.7,3,0,63.0,-0.31,5,16,Wed,0,16.3,none,no
REQ-100626,Customer Care,Portal,Standard,Standard,13.2,1,0,56.5,0.44,4,5,Mon,0,25.3,none,no
REQ-100627,IT Support,Portal,Strategic,Standard,5.2,6,0,79.7,-0.51,1,6,Tue,0,17.6,none,no
REQ-100628,Finance Ops,Portal,Standard,Urgent,0.7,4,0,72.6,-0.11,4,6,Tue,0,6.4,none,no
REQ-100629,Customer Care,Portal,Standard,Standard,11.0,3,0,58.4,-0.31,2,16,Thu,0,17.0,none,no
REQ-100630,Compliance,Phone,Priority,Urgent,30.6,4,2,84.8,-1.97,1,4,Thu,0,41.3,none,no
REQ-100631,Customer Care,Phone,Standard,,15.8,5,0,52.1,0.09,3,3,Thu,0,60.1,none,no
REQ-100632,IT Support,Portal,Standard,Standard,29.2,2,1,64.5,-0.14,4,5,Mon,1,61.2,late_response,yes
REQ-100633,HR Services,Portal,Priority,Urgent,7.7,3,1,70.5,0.95,1,14,Fri,0,16.0,none,no
REQ-100634,IT Support,Chat,Standard,Urgent,10.6,4,0,,0.0,2,11,Mon,0,31.8,none,no
REQ-100635,IT Support,Portal,Standard,Standard,56.2,0,0,94.8,-0.94,5,16,Fri,1,90.9,complexity,no
REQ-100636,Facilities,Email,Strategic,Standard,8.0,2,4,92.3,-0.19,2,6,Thu,0,22.4,none,no
REQ-100637,Facilities,Email,Standard,Standard,21.8,5,0,76.0,-1.57,1,8,Wed,0,23.8,none,no
REQ-100638,Customer Care,Email,Standard,Standard,21.8,3,1,46.4,-0.91,3,11,Wed,0,31.3,none,no
REQ-100639,Customer Care,Portal,Standard,Standard,20.2,8,0,83.1,0.48,4,4,Thu,0,56.9,none,no
REQ-100640,Customer Care,Email,Standard,Urgent,22.0,2,0,97.1,-0.19,5,16,Thu,0,27.9,none,no
REQ-100641,Customer Care,Portal,Standard,Standard,7.9,5,2,94.0,0.69,4,15,Mon,0,13.6,none,no
REQ-100642,IT Support,Email,Priority,Low,11.4,2,0,84.0,,1,5,Thu,0,42.4,none,no
REQ-100643,IT Support,Portal,Standard,Standard,1.0,1,0,62.5,-0.18,5,15,Mon,0,11.7,none,no
REQ-100644,Facilities,Email,Priority,Low,37.4,2,2,71.2,-0.36,4,9,Wed,0,39.6,none,no
REQ-100645,Customer Care,Email,Standard,Low,21.9,3,0,100.0,0.72,4,8,Thu,0,26.2,none,no
REQ-100646,IT Support,Portal,Standard,Low,9.0,0,1,59.6,0.5,5,17,Fri,0,16.1,none,no
REQ-100647,Finance Ops,Portal,Standard,Standard,7.7,5,1,63.1,0.48,4,10,Wed,0,21.6,none,no
REQ-100648,Facilities,Portal,Priority,Low,30.9,2,0,90.3,1.16,2,6,Tue,0,40.7,none,no
REQ-100649,IT Support,Portal,Standard,Low,8.5,2,0,72.4,-0.28,3,15,Wed,0,13.9,none,no
REQ-100650,Finance Ops,Portal,Standard,Low,8.9,1,1,62.6,1.0,3,13,Tue,0,18.8,none,no
REQ-100651,Customer Care,Chat,Priority,Urgent,6.5,5,0,97.9,-0.78,3,5,Wed,0,12.3,none,no
REQ-100652,Facilities,Portal,Standard,Standard,24.7,4,2,84.0,-0.81,4,13,Wed,0,62.7,none,no
REQ-100653,IT Support,Phone,Standard,Low,28.9,1,0,73.0,0.56,4,12,Thu,0,33.0,none,no
REQ-100654,Customer Care,Chat,Strategic,Low,12.7,2,1,63.1,,1,7,Tue,0,20.6,none,no
REQ-100655,HR Services,Portal,,Standard,29.0,5,1,100.0,0.43,3,9,Mon,0,36.0,none,no
REQ-100656,Customer Care,Email,Standard,Low,19.1,7,0,77.7,0.08,1,15,Wed,0,26.2,none,no
REQ-100657,HR Services,Chat,Standard,Standard,6.1,6,0,96.2,0.8,3,5,Mon,0,10.7,none,no
REQ-100658,Facilities,Email,Standard,Standard,35.7,5,1,89.6,-0.04,3,13,Tue,0,65.2,none,no
REQ-100659,HR Services,Portal,Standard,Urgent,6.4,1,0,71.2,0.04,2,15,Tue,0,53.0,none,no
REQ-100660,HR Services,Portal,Priority,Low,13.4,4,0,71.3,0.38,5,17,Wed,0,28.5,none,no
REQ-100661,Customer Care,Portal,Standard,Standard,12.7,6,1,96.8,-0.5,2,7,Tue,0,26.9,none,no
REQ-100662,IT Support,Email,Priority,Low,11.1,4,1,97.0,-0.53,1,6,Wed,0,13.8,none,no
REQ-100663,IT Support,Chat,,Urgent,2.5,8,0,53.6,0.36,2,17,Fri,0,31.5,none,no
REQ-100664,HR Services,Chat,Standard,Urgent,49.1,4,2,85.1,-0.02,4,9,Wed,0,54.9,none,no
REQ-100665,Facilities,Portal,Priority,Standard,2.9,3,0,76.4,-0.31,1,11,Tue,0,5.2,none,no
REQ-100666,Customer Care,Phone,Priority,Standard,37.1,2,0,64.6,-0.06,3,10,Mon,0,54.2,none,no
REQ-100667,Compliance,Portal,Strategic,Low,7.5,3,0,,1.2,3,10,Mon,0,31.4,none,no
REQ-100668,HR Services,Chat,Standard,Standard,9.6,3,2,60.5,-0.33,5,12,Wed,0,38.4,none,no
REQ-100669,Finance Ops,Portal,Standard,Standard,34.9,2,0,71.9,-0.35,1,9,Thu,0,42.8,none,no
REQ-100670,IT Support,Chat,Standard,Low,20.5,6,0,67.6,,1,8,Mon,0,27.7,none,no
REQ-100671,Finance Ops,Phone,Standard,Standard,4.6,4,0,71.5,-0.03,3,9,Mon,0,17.9,none,no
REQ-100672,Compliance,Portal,Standard,Standard,4.5,0,1,77.1,0.49,1,12,Tue,0,14.3,none,no
REQ-100673,Facilities,Portal,Standard,Standard,18.5,1,2,64.8,0.63,4,15,Tue,0,35.9,none,no
REQ-100674,Facilities,Phone,Standard,Standard,6.3,6,1,98.5,0.08,2,11,Fri,0,19.7,none,no
REQ-100675,HR Services,Portal,Strategic,Standard,21.1,8,1,84.4,0.72,3,13,Mon,0,26.6,none,no
REQ-100676,Compliance,Email,Standard,Standard,22.6,1,0,100.0,0.55,1,9,Mon,0,52.0,none,no
REQ-100677,Finance Ops,Chat,Standard,,8.2,1,1,75.9,0.83,4,14,Tue,0,25.6,none,no
REQ-100678,IT Support,Email,Standard,Standard,10.0,1,1,70.9,0.74,3,8,Mon,0,33.5,none,no
REQ-100679,HR Services,Portal,Standard,Low,18.9,4,2,100.0,1.18,1,9,Mon,0,24.5,none,no
REQ-100680,IT Support,Portal,Standard,Standard,7.9,0,0,70.5,-0.13,2,3,Tue,0,25.0,none,no
REQ-100681,IT Support,Portal,Standard,Standard,15.8,5,1,75.7,-1.0,1,6,Tue,0,36.3,none,no
REQ-100682,IT Support,Chat,Standard,Standard,58.3,3,1,87.4,0.5,1,14,Mon,0,71.4,none,no
REQ-100683,Finance Ops,Portal,,Low,19.5,1,0,61.9,0.59,4,4,Wed,0,24.0,none,no
REQ-100684,Facilities,Portal,Standard,Low,11.3,1,1,,1.18,3,6,Wed,0,23.4,none,no
REQ-100685,HR Services,Portal,,Standard,52.2,1,1,85.6,0.96,5,14,Mon,1,94.8,capacity,no
REQ-100686,Finance Ops,Chat,Standard,Low,25.8,2,0,94.5,1.46,2,16,Fri,0,50.5,none,no
REQ-100687,Compliance,Portal,Standard,,6.4,4,0,89.6,0.46,4,9,Tue,0,9.3,none,no
REQ-100688,Customer Care,Chat,Standard,Standard,7.5,4,3,94.9,0.17,4,9,Fri,0,20.3,none,no
REQ-100689,Finance Ops,Phone,Standard,Standard,3.2,3,1,76.6,-1.04,4,10,Fri,1,29.4,handoff,yes
REQ-100690,HR Services,Phone,Standard,Standard,18.7,2,1,66.8,0.23,5,14,Wed,0,38.0,none,no
REQ-100691,Customer Care,Chat,Priority,Standard,2.0,2,1,100.0,-0.41,4,10,Tue,0,25.0,none,no
REQ-100692,IT Support,Phone,Strategic,Standard,52.2,2,0,58.2,0.16,4,5,Fri,1,78.4,late_response,yes
REQ-100693,HR Services,Chat,,Low,12.3,0,1,,,4,9,Tue,0,16.6,none,no
REQ-100694,Compliance,Portal,Standard,Standard,26.9,1,0,85.3,0.35,3,6,Mon,0,33.8,none,no
REQ-100695,Finance Ops,Phone,Standard,Urgent,11.5,6,2,99.1,-0.07,4,13,Wed,0,21.6,none,no
REQ-100696,Customer Care,Email,Standard,Standard,18.5,2,1,80.5,0.7,5,5,Wed,0,24.7,none,no
REQ-100697,Facilities,Email,Priority,Standard,13.5,4,0,91.0,-2.04,4,12,Fri,0,34.1,none,no
REQ-100698,Facilities,Chat,Priority,Standard,15.5,7,0,52.1,0.14,4,4,Thu,1,54.1,late_response,no
REQ-100699,HR Services,Chat,Priority,Standard,32.4,1,1,71.5,0.9,1,17,Fri,0,44.9,none,no
REQ-100700,HR Services,Phone,Strategic,Standard,42.7,5,0,53.6,1.4,3,12,Thu,0,49.1,none,no
REQ-100701,HR Services,Email,Standard,Standard,40.6,2,1,88.1,0.55,1,5,Thu,0,50.4,none,no
REQ-100702,IT Support,Email,Priority,Low,86.8,1,2,57.9,1.26,1,17,Wed,0,99.3,none,no
REQ-100703,Customer Care,Portal,Priority,Low,8.6,2,0,61.4,0.13,2,11,Fri,0,18.1,none,no
REQ-100704,HR Services,Portal,Standard,Standard,19.7,1,1,84.7,0.0,3,12,Fri,0,30.5,none,no
REQ-100705,Finance Ops,Portal,Strategic,Low,8.8,0,0,91.8,0.4,3,3,Fri,0,32.1,none,no
REQ-100706,Customer Care,Portal,Standard,Standard,31.6,3,0,75.9,-0.0,5,5,Thu,0,37.6,none,no
REQ-100707,Customer Care,Portal,Strategic,Standard,6.7,7,0,85.4,-0.59,4,15,Wed,0,46.8,none,no
REQ-100708,Finance Ops,Phone,Priority,Urgent,32.8,3,0,85.0,-0.39,3,10,Tue,1,73.1,handoff,no
REQ-100709,Finance Ops,Portal,Standard,Low,17.3,5,2,75.2,-0.83,2,12,Fri,0,26.4,none,no
REQ-100710,Compliance,Chat,Priority,Standard,14.1,4,1,,0.4,4,17,Mon,0,20.0,none,no
REQ-100711,Facilities,Email,Standard,Standard,15.3,3,0,85.3,0.01,2,9,Tue,0,21.6,none,no
REQ-100712,Customer Care,Portal,Priority,Low,5.7,2,0,86.0,-0.27,5,8,Tue,0,17.3,none,no
REQ-100713,Compliance,Portal,Priority,Low,6.2,3,1,89.6,-0.43,4,15,Wed,0,18.8,none,no
REQ-100714,Customer Care,Portal,Standard,Low,17.5,6,1,82.1,0.38,4,3,Wed,0,26.3,none,no
REQ-100715,IT Support,Chat,Priority,Low,17.4,7,3,,0.59,2,9,Mon,0,21.0,none,no
REQ-100716,Finance Ops,Portal,Standard,Low,9.1,2,0,87.0,-0.85,4,15,Mon,0,20.7,none,no
REQ-100717,IT Support,Email,Standard,Standard,12.2,5,1,78.0,-0.97,5,6,Tue,1,44.5,late_response,yes
REQ-100718,Facilities,Chat,Standard,Standard,20.9,1,2,71.7,0.72,1,7,Tue,0,23.0,none,no
REQ-100719,Compliance,Chat,Standard,Low,7.9,4,2,74.2,-1.03,1,10,Mon,0,25.7,none,no
