learner_id,department,region,role_family,employee_band,training_type,enrolment_date,prior_python_score,course_minutes,engagement_score,manager_support_score,support_tickets_last_30d,completion_days,completed_on_time
L10387, OPERATIONS ,Remote,Technician,A,ML Foundations,2026-02-15,41.9,189.8,91.3,4.0,1,20.0,1
L10089,Sales,Unknown,Associate,A,ML Foundations,2026-02-07,39.6,191.8,84.7,,1,23.0,1
L10448,operations,Manchester,Analyst,B,AI Awareness,2026-03-10,36.1,93.6,100.0,1.0,3,13.0,1
L10599,Human Resources,Manchester,Technician,C,AI Awareness,2026-01-05,55.7,186.0,37.1,4.0,4,8.0,0
L10227,IT,Edinburgh,Coordinator,B,Data Literacy,2026-03-08,10.6,237.5,47.9,1.0,1,15.0,0
L10139,Operations,London,Analyst,A,Data Literacy,2026-01-28,51.6,243.0,77.7,2.0,4,19.0,1
L10522,finance,Remote,Specialist,C,Responsible AI,2026-03-28,38.4,176.1,,,0,12.0,1
L10284,Sales,London,Manager,B,AI Awareness,2026-03-01,,177.4,87.8,2.0,2,10.0,0
L10124,Information Technology,Birmingham,Analyst,A,AI Awareness,07/01/2026,43.9,125.6,35.0,3.0,2,24.0,0
L10054,Sales,Edinburgh,Analyst,A,Python Basics,2026-03-31,,98.8,53.0,1.0,1,14.0,0
L10088,Sales,London,Specialist,B,Data Literacy,2026-03-21,74.8,159.7,66.0,5.0,3,9.0,1
L10527,Information Technology,Bristol,Associate,B,AI Awareness,2026-02-14,46.2,117.2,100.0,3.0,0,0.0,1
L10192,Operations,Manchester,Coordinator,A,Responsible AI,2026-02-05,50.5,183.6,66.5,3.0,2,10.0,1
L10098,Information Technology,London,Manager,D,ML Foundations,2026-03-29,64.0,56.3,76.7,4.0,1,4.0,1
L10520,Customer Support,Bristol,Associate,B,Responsible AI,2026-03-02,45.5,150.7,92.9,1.0,3,29.0,1
L10002,Customer Support,,Technician,B,Responsible AI,2026-02-12,48.6,57.8,33.2,2.0,3,17.0,0
L10062,Sales,Manchester,Associate,C,Python Basics,2026-01-08,66.4,107.8,77.4,3.0,2,16.0,1
L10299,,Remote,Specialist,D,Python Basics,2026-03-07,29.9,175.5,80.2,5.0,2,5.0,1
L10091,operations,remote ,Coordinator,B,Python Basics,2026-02-23,27.6,127.6,100.0,1.0,5,10.0,1
L10427,Information Technology,Unknown,Coordinator,D,Python Basics,14/02/2026,49.3,142.6,79.9,5.0,3,21.0,1
L10543, OPERATIONS ,Leeds,Technician,A,Data Literacy,2026-03-09,23.6,186.6,51.6,2.0,3,21.0,0
L10396,Finance,Birmingham,Associate,A,Python Basics,2026-01-25,46.1,179.7,92.1,3.0,1,13.0,1
L10548,Customer Support,Manchester,Analyst,C,Python Basics,2026-02-10,55.3,84.4,58.7,1.0,2,13.0,0
L10250,Support,London,Analyst,B,Responsible AI,2026-03-07,53.5,241.9,20.1,3.0,5,6.0,0
L10060,finance,Birmingham,Technician,B,Responsible AI,2026-01-24,58.2,157.4,25.1,2.0,1,18.0,0
L10251,HR,Manchester,Associate,B,AI Awareness,2026-03-26,52.6,118.0,83.7,1.0,5,8.0,1
L10032,Finance,Birmingham,Specialist,D,Python Basics,2026-02-12,63.8,121.7,41.2,5.0,3,17.0,0
L10376,HR,London,Coordinator,B,Data Literacy,2026-02-01,62.6,88.2,87.6,1.0,1,13.0,1
L10308,HR,Edinburgh,Coordinator,C,Data Literacy,2026-01-19,47.8,234.6,41.9,5.0,2,12.0,0
L10040,HR,London,Technician,B,AI Awareness,not recorded,37.3,92.6,100.0,2.0,2,29.0,1
L10380,Sales,Manchester,Coordinator,B,Python Basics,2026-03-21,34.7,126.3,100.0,5.0,1,18.0,1
L10271,IT,Manchester,Coordinator,A,ML Foundations,2026-04-03,69.6,180.0,92.4,1.0,0,13.0,1
L10369,Finance,Leeds,Coordinator,C,Responsible AI,2026-03-10,75.6,158.6,74.4,3.0,2,8.0,1
L10346,finance,London,Specialist,A,Responsible AI,2026-01-20,56.6,166.9,19.5,,1,1.0,0
L10474,HR,Unknown,Analyst,A,Responsible AI,2026-01-23,89.4,80.2,90.5,4.0,1,23.0,1
L10538,Operations,London,Analyst,A,AI Awareness,2026-01-21,13.0,131.2,,3.0,4,22.0,0
L10482,IT,Remote,Coordinator,C,ML Foundations,2026-02-16,61.1,100.0,57.0,4.0,2,15.0,1
L10037,IT,Bristol,Analyst,A,ML Foundations,2026-03-31,3.2,238.7,999.0,1.0,3,20.0,1
L10212, OPERATIONS ,Manchester,Technician,A,Data Literacy,2026-01-12,72.8,139.6,76.1,5.0,2,20.0,1
L10231,operations,London,Analyst,C,ML Foundations,2026-02-26,42.2,126.1,59.4,2.0,3,10.0,1
L10065,HR,Edinburgh,Associate,B,Data Literacy,2026-03-03,82.0,117.0,95.2,2.0,1,13.0,1
L10068,Support,Unknown,Associate,C,Data Literacy,2026-03-08,22.7,64.0,84.7,4.0,0,10.0,1
L10373,operations,Leeds,Technician,A,ML Foundations,2026-01-24,72.7,179.0,,4.0,1,11.0,1
L10267,Finance,London,Technician,B,Data Literacy,2026-01-10,59.4,96.0,72.5,5.0,4,12.0,1
L10072,operations,Manchester,Associate,B,Python Basics,2026-02-21,75.7,121.6,44.7,3.0,1,11.0,0
L10174,operations,London,Specialist,A,Data Literacy,2026-03-12,79.2,87.1,85.4,5.0,0,22.0,1
L10181, OPERATIONS ,Manchester,Analyst,A,Responsible AI,2026-02-23,,52.5,37.3,1.0,4,13.0,0
L10211,Support,Manchester,Analyst,C,Python Basics,2026-02-16,43.1,67.9,55.4,2.0,3,12.0,0
L10556,Information Technology,Cardiff,Technician,A,AI Awareness,2026-01-23,55.2,113.9,65.3,2.0,2,24.0,1
L10146,Customer Support,remote ,Analyst,A,AI Awareness,22/01/2026,47.6,116.6,67.9,3.0,0,3.0,1
L10256,Customer Support,Cardiff,Manager,A,Data Literacy,2026-02-16,47.8,98.2,51.1,4.0,1,16.0,1
L10097,Sales,Bristol,Analyst,C,Python Basics,2026-02-26,87.5,177.4,83.5,2.0,1,16.0,1
L10421,finance,Edinburgh,Technician,C,AI Awareness,2026-02-22,24.8,132.5,23.2,1.0,5,11.0,0
L10368,IT,Cardiff,Manager,B,Python Basics,2026-03-25,80.0,148.3,60.4,2.0,0,8.0,1
L10391,Sales,Bristol,Specialist,C,Data Literacy,2026-03-23,31.0,114.4,87.7,5.0,3,16.0,1
L10598,operations,Birmingham,Manager,A,AI Awareness,2026-01-21,37.3,70.8,70.5,3.0,2,20.0,0
L10595,sales,London,Associate,B,ML Foundations,2026-03-03,50.0,175.0,54.4,3.0,2,10.0,1
L10337, OPERATIONS ,Manchester,Specialist,C,ML Foundations,2026-03-26,76.4,153.0,81.8,5.0,3,,1
L10039,Customer Support,Manchester,Associate,A,Data Literacy,2026-03-18,49.8,123.3,87.4,,3,12.0,1
L10109,finance,Leeds,Technician,B,Python Basics,2026-03-30,19.1,58.3,62.3,3.0,3,6.0,0
L10055,Human Resources,Birmingham,Analyst,D,ML Foundations,2026-03-17,59.1,90.7,51.4,4.0,2,20.0,0
L10050,Information Technology,Leeds,Coordinator,A,Data Literacy,2026-01-25,61.6,92.8,83.3,2.0,1,21.0,1
L10503,HR,Remote,Coordinator,A,AI Awareness,2026-03-14,47.7,57.2,54.1,1.0,1,9.0,0
L10077, OPERATIONS ,Remote,Associate,A,Responsible AI,2026-01-23,45.2,191.1,78.2,5.0,0,19.0,1
L10343,Operations,Manchester,Associate,B,AI Awareness,2026-02-22,53.4,238.6,60.4,3.0,1,20.0,1
L10159,finance,REMOTE,Associate,B,Data Literacy,2026-03-07,2.6,57.7,60.7,,2,20.0,1
L10317,,Manchester,Coordinator,D,Data Literacy,2026-03-18,,123.6,80.0,3.0,3,16.0,1
L10094,Sales,Unknown,Manager,C,ML Foundations,2026-03-06,55.3,108.0,68.6,5.0,1,14.0,1
L10017,Finance,Manchester,Technician,D,Data Literacy,2026-03-11,87.9,237.6,88.0,3.0,1,13.0,1
L10165,Operations,Bristol,Coordinator,C,AI Awareness,2026-03-27,64.8,132.1,73.7,1.0,1,19.0,1
L10228,Human Resources,London,Coordinator,A,Data Literacy,2026-01-25,57.2,58.1,100.0,1.0,0,19.0,1
L10476,IT,Unknown,Coordinator,B,Python Basics,2026-03-28,77.1,172.7,62.5,5.0,3,9.0,1
L10116,operations,remote ,Coordinator,B,AI Awareness,2026-03-01,34.6,118.0,59.4,1.0,3,13.0,0
L10030,finance,Cardiff,Manager,B,ML Foundations,2026-01-27,77.9,60.5,,4.0,3,7.0,1
L10288,Information Technology,Bristol,Associate,A,Data Literacy,2026-02-14,64.8,98.5,74.5,2.0,1,13.0,1
L10215,Customer Support,remote ,Associate,B,Data Literacy,2026-01-18,64.1,121.4,19.0,1.0,4,13.0,0
L10106,Information Technology,Leeds,Manager,A,AI Awareness,2026-02-21,45.0,112.8,60.9,1.0,4,13.0,0
L10166,Customer Support,Leeds,Coordinator,B,AI Awareness,2026-02-24,70.3,89.1,57.4,3.0,2,17.0,0
L10128,Customer Support,Bristol,Manager,C,AI Awareness,2026-03-03,61.6,94.5,84.4,5.0,1,8.0,1
L10589,operations,Birmingham,Manager,D,Python Basics,2026-03-03,62.9,96.2,100.0,5.0,4,9.0,1
L10555, OPERATIONS ,Birmingham,Technician,B,Data Literacy,2026-01-14,46.3,116.3,75.6,4.0,1,22.0,1
L10379,HR,Bristol,Analyst,A,Responsible AI,2026-03-15,13.3,128.1,68.1,2.0,2,4.0,1
L10512,finance,Manchester,Manager,A,Python Basics,2026-03-13,67.8,87.6,77.7,2.0,2,14.0,1
L10090,finance,remote ,Coordinator,B,AI Awareness,2026-02-16,64.0,60.8,82.7,4.0,1,12.0,1
L10525,finance,Manchester,Associate,A,ML Foundations,2026-03-17,75.4,153.1,77.2,4.0,1,16.0,1
L10450,Human Resources,REMOTE,Manager,C,Python Basics,2026-03-10,35.8,89.7,51.5,5.0,3,10.0,1
L10112, OPERATIONS ,Birmingham,Manager,B,Data Literacy,2026-02-12,42.9,233.1,54.9,1.0,2,17.0,1
L10295,finance,Remote,Technician,D,ML Foundations,2026-03-17,88.0,250.0,57.4,1.0,1,8.0,1
L10361,Customer Support,Remote,Coordinator,B,Data Literacy,2026-02-26,28.1,128.6,62.8,2.0,3,26.0,0
L10283,sales,Birmingham,Analyst,A,Data Literacy,2026-02-21,29.8,130.9,71.9,4.0,5,10.0,0
L10316,IT,Cardiff,Manager,C,ML Foundations,2026-02-04,59.3,152.6,78.9,1.0,2,24.0,1
L10549,Operations,Manchester,Manager,B,Data Literacy,2026-03-01,89.9,50.8,65.0,5.0,5,16.0,1
L10414,finance,Leeds,Technician,A,AI Awareness,2026-04-01,61.4,113.5,,5.0,2,7.0,0
L10006,Customer Support,Cardiff,Coordinator,C,Python Basics,2026-01-21,50.5,175.3,100.0,1.0,0,6.0,1
L10422,HR,,Specialist,A,AI Awareness,2026-01-31,61.4,191.6,57.6,5.0,1,16.0,1
L10519,Sales,Unknown,Associate,A,Data Literacy,2026-03-26,30.6,144.8,85.2,1.0,3,17.0,0
L10400,Operations,Leeds,Manager,C,AI Awareness,2026-02-02,55.8,121.3,60.2,,2,25.0,0
L10195,Sales,Bristol,Associate,B,Data Literacy,not recorded,30.9,140.1,44.2,2.0,2,17.0,0
L10189,HR,Unknown,Analyst,A,Responsible AI,2026-02-25,17.8,158.1,59.0,1.0,3,6.0,0
L10132,Support,Bristol,Manager,B,Python Basics,2026-02-12,38.5,80.8,73.3,1.0,2,8.0,1
L10238,Operations,REMOTE,Analyst,A,ML Foundations,2026-03-06,61.3,152.8,68.3,3.0,2,17.0,1
L10458,Operations,London,Technician,A,Data Literacy,2026-03-16,36.7,97.7,95.3,1.0,1,16.0,1
L10318,Information Technology,Birmingham,Analyst,C,ML Foundations,2026-01-13,66.8,121.3,57.9,2.0,1,0.0,1
L10194,Finance,Remote,Associate,B,ML Foundations,2026-03-18,81.3,82.7,87.6,5.0,0,9.0,1
L10141,IT,Birmingham,Manager,C,ML Foundations,2026-01-22,125.0,148.7,74.4,4.0,1,19.0,1
L10047,Information Technology,London,Coordinator,C,Responsible AI,2026-03-02,73.4,112.5,78.2,2.0,3,8.0,1
L10210, OPERATIONS ,Leeds,Analyst,A,Data Literacy,2026-03-28,76.4,125.6,31.1,4.0,1,13.0,0
L10553,Sales,Unknown,Analyst,D,ML Foundations,2026-03-04,58.0,236.3,39.5,2.0,0,11.0,0
L10401,IT,Unknown,Manager,B,ML Foundations,2026-01-21,,125.2,77.0,1.0,2,20.0,0
L10178, OPERATIONS ,Unknown,Associate,C,AI Awareness,2026-02-15,54.1,120.6,69.6,3.0,2,17.0,1
L10580,Information Technology,Leeds,Associate,C,Data Literacy,2026-01-15,48.3,58.1,53.5,3.0,3,18.0,0
L10439,Support,London,Coordinator,C,Responsible AI,2026-02-13,41.9,156.9,53.7,4.0,3,11.0,0
L10155,Finance,Cardiff,Associate,B,Python Basics,not recorded,85.7,84.0,46.3,4.0,2,14.0,1
L10322,finance,Remote,Analyst,B,ML Foundations,2026-02-08,26.4,147.8,,5.0,0,21.0,0
L10070,Human Resources,Remote,Specialist,B,AI Awareness,2026-02-25,56.6,182.6,57.3,2.0,1,20.0,1
L10021,HR,London,Analyst,D,ML Foundations,2026-01-10,62.8,61.3,45.5,4.0,3,8.0,1
L10138,Finance,Unknown,Associate,D,AI Awareness,2026-01-05,62.8,243.7,45.1,5.0,3,20.0,0
L10259,Finance,,Manager,A,Data Literacy,2026-01-18,57.7,139.1,57.2,1.0,5,19.0,0
L10038,Human Resources,Manchester,Technician,B,Data Literacy,2026-01-10,75.3,80.6,91.4,3.0,1,21.0,1
L10330,Operations,Manchester,Manager,B,ML Foundations,2026-02-14,38.4,86.6,83.6,4.0,3,22.0,1
L10561,Sales,Birmingham,Specialist,A,AI Awareness,2026-02-06,31.3,92.1,31.3,5.0,3,12.0,0
L10063,Human Resources,London,Analyst,A,Python Basics,2026-01-11,44.9,253.2,52.5,4.0,4,20.0,0
L10123,sales,Unknown,Coordinator,C,Responsible AI,2026-01-11,,146.7,66.6,4.0,4,13.0,1
L10273,operations,Remote,Analyst,C,ML Foundations,2026-03-02,44.8,80.5,41.6,3.0,4,23.0,0
L10004,IT,Remote,Specialist,A,ML Foundations,2026-02-14,43.8,60.3,59.4,,2,22.0,1
L10150,Information Technology,London,Associate,C,ML Foundations,2026-03-21,93.3,87.1,58.4,5.0,1,19.0,1
L10160,Support,Bristol,Analyst,D,Responsible AI,2026-01-20,40.2,83.6,51.8,5.0,1,,1
L10415,Information Technology,Unknown,Associate,A,AI Awareness,2026-01-19,66.9,113.7,46.2,5.0,1,13.0,0
L10557,HR,Birmingham,Manager,C,Data Literacy,2026-01-20,46.5,250.3,80.1,1.0,2,20.0,1
L10074,operations,Manchester,Specialist,A,Responsible AI,2026-03-15,68.0,129.2,59.9,2.0,2,18.0,1
L10145,HR,London,Manager,B,ML Foundations,2026-03-26,29.3,61.1,61.3,3.0,3,10.0,0
L10218,Human Resources,Birmingham,Technician,C,Data Literacy,2026-03-05,57.6,59.2,51.5,2.0,1,12.0,0
L10185,Support,Remote,Analyst,B,AI Awareness,2026-03-20,39.0,87.9,56.3,1.0,2,11.0,0
L10554,Human Resources,Cardiff,Analyst,A,Python Basics,2026-03-25,33.4,134.6,64.7,5.0,2,22.0,1
L10594,Information Technology,Birmingham,Technician,A,Responsible AI,15/02/2026,46.7,72.7,74.4,4.0,0,20.0,1
L10289,Customer Support,Birmingham,Specialist,A,AI Awareness,2026-03-06,56.1,112.4,52.1,1.0,3,10.0,0
L10404,Finance,remote ,Associate,C,AI Awareness,2026-03-17,46.0,-30.0,32.9,2.0,1,15.0,0
L10499,IT,Bristol,Analyst,B,Data Literacy,2026-03-29,14.9,145.1,48.8,3.0,1,19.0,0
L10078,Finance,Bristol,Technician,A,Responsible AI,2026-03-06,38.9,242.4,53.9,3.0,2,14.0,0
L10489,sales,remote ,Specialist,B,AI Awareness,2026-02-21,60.4,185.7,90.4,1.0,3,6.0,1
L10468,sales,London,Associate,B,Responsible AI,2026-02-03,39.9,184.3,75.0,2.0,3,19.0,0
L10170,IT,Bristol,Analyst,A,Python Basics,2026-03-24,20.0,173.5,71.4,1.0,1,10.0,0
L10026,finance,Cardiff,Manager,B,Responsible AI,2026-02-03,37.6,110.7,69.1,2.0,1,18.0,0
L10114,sales,REMOTE,Analyst,C,Data Literacy,2026-01-24,51.1,170.0,70.3,3.0,6,14.0,1
L10321,Finance,London,Technician,A,AI Awareness,2026-03-10,75.8,68.5,32.6,2.0,1,21.0,0
L10257,Information Technology,,Associate,B,Data Literacy,2026-02-06,56.3,89.4,45.4,1.0,2 tickets,16.0,0
L10426,sales,London,Coordinator,D,AI Awareness,2026-02-20,47.0,145.0,59.6,,3,18.0,0
L10490, OPERATIONS ,,Manager,A,Data Literacy,2026-02-12,39.6,242.6,60.4,1.0,1,21.0,0
L10428,HR,Remote,Manager,A,Python Basics,2026-01-14,60.5,144.5,82.7,5.0,3,13.0,1
L10148,finance,London,Manager,A,Data Literacy,2026-03-19,,93.2,52.3,1.0,1,13.0,0
L10105,Human Resources,Remote,Coordinator,B,AI Awareness,2026-01-15,70.8,172.0,70.8,1.0,0,15.0,1
L10287,Finance,Manchester,Manager,A,ML Foundations,2026-03-19,46.8,152.4,72.4,2.0,1,31.0,1
L10431,Customer Support,London,Associate,D,AI Awareness,2026-02-16,47.8,185.5,54.1,3.0,3,13.0,0
L10235,Support,London,Specialist,B,Data Literacy,2026-01-25,47.7,58.7,76.4,1.0,4,4.0,1
L10475, OPERATIONS ,London,Technician,C,AI Awareness,2026-02-02,68.0,198.9,43.4,5.0,2,12.0,1
L10464,Operations,Manchester,Specialist,C,Data Literacy,2026-02-09,59.0,98.7,57.8,1.0,2,10.0,0
L10530,Information Technology,Unknown,Coordinator,C,Python Basics,04/04/2026,54.8,66.7,73.5,2.0,2,11.0,1
L10342,finance,Manchester,Coordinator,B,Python Basics,2026-03-06,59.8,186.5,77.1,5.0,3,10.0,1
L10423,HR,Remote,Manager,A,Responsible AI,2026-03-12,26.2,86.8,70.8,3.0,1,9.0,1
L10175,Operations,London,Technician,B,ML Foundations,2026-03-01,36.3,156.0,46.0,3.0,1,28.0,0
L10233,IT,Leeds,Associate,B,Python Basics,2026-03-12,,97.6,75.9,4.0,2,6.0,1
L10357,Information Technology,remote ,Associate,A,AI Awareness,2026-03-07,27.1,126.9,45.6,1.0,1,2.0,0
L10406,operations,Unknown,Coordinator,B,ML Foundations,2026-01-28,58.7,247.9,14.5,3.0,5,26.0,0
L10036,Support,Leeds,Analyst,A,Data Literacy,2026-03-21,55.7,56.5,40.7,5.0,2,12.0,1
L10018,Support,Manchester,Associate,B,Data Literacy,2026-03-26,54.3,52.8,79.3,3.0,1,10.0,1
L10340,IT,Birmingham,Coordinator,A,Python Basics,2026-02-14,41.7,248.9,81.5,5.0,5,16.0,1
L10254, OPERATIONS ,Birmingham,Associate,C,ML Foundations,2026-02-25,71.0,256.2,67.2,1.0,5,,0
L10362,IT,Edinburgh,Associate,A,Python Basics,2026-01-05,59.7,57.9,54.6,2.0,1,13.0,0
L10384,finance,REMOTE,Associate,C,AI Awareness,2026-02-26,48.7,78.7,53.7,4.0,4,16.0,1
L10034,IT,remote ,Associate,B,Data Literacy,2026-02-08,52.9,116.6,55.0,3.0,2,6.0,1
L10095,Operations,Unknown,Analyst,D,AI Awareness,2026-03-19,50.9,188.0,57.9,2.0,0,19.0,1
L10509,IT,Leeds,Analyst,A,AI Awareness,2026-02-08,49.8,1440.0,32.5,4.0,1,12.0,0
L10359,IT,,Coordinator,B,Data Literacy,2026-04-02,52.8,124.8,43.1,2.0,3,11.0,0
L10015,Information Technology,,Associate,D,Python Basics,2026-03-02,45.6,92.2,,1.0,4,24.0,1
L10336,finance,Cardiff,Associate,D,Data Literacy,2026-03-25,61.4,92.7,58.3,2.0,1,12.0,0
L10418,operations,Leeds,Analyst,B,Data Literacy,2026-03-21,53.7,122.2,56.4,4.0,2,7.0,1
L10466,Sales,Cardiff,Associate,C,Responsible AI,2026-01-10,53.7,171.3,94.7,5.0,3,10.0,1
L10237,Customer Support,London,Analyst,A,Responsible AI,2026-03-17,55.6,59.5,68.9,2.0,3,12.0,1
L10277, OPERATIONS ,Edinburgh,Analyst,A,Python Basics,2026-02-17,49.3,143.7,83.1,4.0,3,12.0,1
L10398,Information Technology,London,Manager,A,Responsible AI,2026-02-09,73.9,88.8,,1.0,3,11.0,1
L10023,HR,London,Manager,D,Python Basics,2026-03-10,50.0,999.0,66.5,2.0,5,11.0,1
L10488,,Remote,Technician,C,Responsible AI,2026-03-09,41.0,111.4,64.1,5.0,4,18.0,1
L10564,IT,London,Manager,A,ML Foundations,2026-03-08,39.0,87.0,70.5,4.0,1,15.0,1
L10276,Sales,Birmingham,Associate,B,Data Literacy,2026-03-20,,62.9,57.0,3.0,3,14.0,1
L10255,Information Technology,Bristol,Coordinator,C,ML Foundations,2026-03-15,47.9,241.6,85.8,3.0,1,16.0,1
L10313,Operations,London,Coordinator,C,Data Literacy,2026-03-20,69.6,112.8,72.3,3.0,1,23.0,1
L10412,Finance,,Coordinator,A,ML Foundations,2026-02-05,33.0,151.4,58.2,2.0,2,11.0,0
L10057,HR,Manchester,Technician,D,Python Basics,2026-01-13,53.3,117.0,43.1,1.0,1,17.0,0
L10310,HR,,Specialist,C,Python Basics,2026-02-09,50.3,153.2,84.5,4.0,4 tickets,22.0,1
L10551, OPERATIONS ,Bristol,Technician,B,Data Literacy,2026-02-16,54.7,92.6,,5.0,3,8.0,1
L10071,Human Resources,Manchester,Technician,B,AI Awareness,2026-03-21,39.0,63.4,70.3,2.0,1,20.0,1
L10143,HR,Edinburgh,Specialist,C,AI Awareness,2026-01-13,41.8,173.5,79.3,1.0,4,16.0,1
L10279,Information Technology,Remote,Associate,C,Data Literacy,2026-02-26,60.5,118.0,51.7,4.0,0,10.0,1
L10147,Human Resources,Remote,Associate,B,Responsible AI,2026-01-17,51.3,151.6,,5.0,0,0.0,1
L10442,Support,Remote,Associate,B,Data Literacy,2026-03-10,26.0,237.7,,5.0,3,17.0,1
L10444,Operations,Bristol,Coordinator,C,Python Basics,2026-03-15,35.0,115.3,87.7,1.0,3,16.0,0
L10221,Finance,London,Associate,A,Responsible AI,2026-01-20,,128.7,53.5,3.0,3,22.0,0
L10445,sales,Remote,Technician,B,Python Basics,2026-01-13,,66.6,73.3,2.0,4,7.0,1
L10081,Sales,Cardiff,Manager,C,Data Literacy,2026-01-21,47.4,113.2,57.8,5.0,2,16.0,1
L10126,Human Resources,Remote,Coordinator,B,Data Literacy,2026-03-16,25.0,154.4,40.5,3.0,3,10.0,1
L10515,Sales,Leeds,Coordinator,D,Python Basics,2026-02-27,49.7,90.8,63.9,3.0,1,23.0,0
L10572,Information Technology,Bristol,Manager,B,AI Awareness,2026-02-02,37.3,56.2,58.0,5.0,1,18.0,1
L10080,Operations,Leeds,Manager,C,Responsible AI,2026-02-10,53.4,180.5,94.8,2.0,1,21.0,1
L10549,Operations,Manchester,Manager,B,Data Literacy,2026-03-01,89.9,50.8,65.0,5.0,5,16.0,1
L10258,Operations,REMOTE,Coordinator,B,Data Literacy,2026-03-13,55.2,140.7,83.1,4.0,1,10.0,1
L10334,Customer Support,Manchester,Specialist,B,ML Foundations,2026-03-18,61.5,233.4,57.8,1.0,3,10.0,0
L10301,HR,Cardiff,Coordinator,A,ML Foundations,2026-02-15,77.3,191.4,50.2,2.0,1,8.0,0
L10219,Customer Support,Manchester,Coordinator,B,Data Literacy,2026-01-31,27.2,177.5,64.5,4.0,1,13.0,1
L10260,Sales,remote ,Coordinator,A,Data Literacy,2026-02-19,64.6,174.5,85.9,4.0,0,20.0,1
L10596,operations,Manchester,Technician,C,AI Awareness,2026-02-18,59.4,118.5,76.9,4.0,2,16.0,1
L10411,Sales,Unknown,Technician,B,ML Foundations,2026-03-18,,184.0,80.7,2.0,3,10.0,1
L10024,Support,Birmingham,Technician,A,Data Literacy,2026-02-10,70.8,178.8,27.6,5.0,0,13.0,0
L10540,,Manchester,Technician,C,AI Awareness,2026-01-21,76.5,184.6,78.0,2.0,6,12.0,1
L10223,Support,Bristol,Manager,A,AI Awareness,2026-01-14,72.5,174.1,64.6,1.0,1,10.0,1
L10269,IT,London,Analyst,A,Data Literacy,2026-03-26,46.4,68.5,66.5,4.0,3,17.0,1
L10051,Information Technology,London,Specialist,A,Data Literacy,2026-04-01,55.8,195.7,26.5,5.0,2,26.0,0
L10280,Sales,Birmingham,Analyst,A,Data Literacy,2026-02-20,55.0,56.6,62.8,2.0,1,9.0,0
L10122,IT,,Technician,D,Data Literacy,2026-01-07,33.4,248.1,16.2,3.0,1,11.0,0
L10371,sales,Unknown,Coordinator,B,Python Basics,2026-03-20,72.8,247.4,100.0,2.0,4,10.0,1
L10193,IT,Unknown,Technician,C,Python Basics,2026-03-11,50.9,115.2,80.1,1.0,1,19.0,1
L10408,Operations,Unknown,Manager,B,ML Foundations,2026-01-06,56.5,183.0,100.0,1.0,2,,1
L10574,Support,Unknown,Manager,D,AI Awareness,2026-03-16,57.1,92.1,50.1,1.0,3,19.0,0
L10252,operations,remote ,Associate,C,Data Literacy,2026-03-15,55.8,193.9,51.2,5.0,1,8.0,1
L10385,HR,Manchester,Associate,C,Python Basics,2026-03-24,74.1,183.8,86.2,4.0,3,26.0,1
L10331,Human Resources,REMOTE,Analyst,A,AI Awareness,2026-03-06,37.2,125.1,76.1,1.0,3,18.0,1
L10563, OPERATIONS ,London,Manager,A,Python Basics,2026-03-01,66.7,75.1,84.1,1.0,5,10.0,0
L10377,finance,Unknown,Manager,B,Data Literacy,2026-02-07,41.5,243.9,60.5,5.0,3,13.0,1
L10453,Customer Support,Unknown,Associate,A,Python Basics,2026-02-02,14.5,84.9,85.1,5.0,4,9.0,1
L10566,sales,REMOTE,Specialist,B,Data Literacy,2026-03-22,75.3,145.2,55.7,1.0,2,17.0,0
L10031,HR,Birmingham,Associate,D,Python Basics,2026-01-05,40.1,64.3,51.5,2.0,5,5.0,0
L10481,Operations,Leeds,Technician,B,Data Literacy,2026-03-21,70.5,240.8,76.5,3.0,2,12.0,1
L10268, OPERATIONS ,London,Technician,B,AI Awareness,2026-02-20,49.9,146.1,67.0,2.0,1,15.0,1
L10167,Sales,Manchester,Specialist,B,AI Awareness,2026-01-28,40.1,168.2,82.1,4.0,2,13.0,1
L10200, OPERATIONS ,Edinburgh,Specialist,C,AI Awareness,2026-01-21,71.8,118.9,91.6,3.0,1,11.0,1
L10367,IT,London,Analyst,B,AI Awareness,2026-01-20,81.4,82.7,66.9,3.0,2,15.0,1
L10300,Customer Support,Unknown,Associate,A,AI Awareness,2026-02-05,48.1,53.1,88.3,5.0,2,,1
L10437,Sales,Birmingham,Manager,D,Data Literacy,2026-01-26,45.9,157.3,55.2,1.0,1,8.0,0
L10392,Human Resources,Leeds,Associate,B,ML Foundations,2026-01-13,67.0,151.5,97.8,3.0,5,16.0,1
L10511,Information Technology,Birmingham,Manager,D,Python Basics,2026-02-27,44.2,190.9,40.2,1.0,0,1.0,0
L10217,Sales,Cardiff,Manager,B,ML Foundations,2026-03-31,53.9,126.6,68.2,4.0,0,5.0,1
L10270,Sales,London,Associate,D,AI Awareness,2026-02-19,73.0,105.9,57.2,2.0,0,15.0,1
L10083, OPERATIONS ,London,Associate,C,Data Literacy,2026-03-16,66.7,249.4,23.2,1.0,2,10.0,0
L10456,Support,Remote,Analyst,B,Data Literacy,2026-02-13,43.4,119.7,53.8,2.0,4,21.0,0
L10044,Operations,Bristol,Specialist,A,Data Literacy,2026-03-03,70.6,125.9,83.5,3.0,3,,1
L10569,Operations,Bristol,Associate,A,Data Literacy,2026-02-16,40.3,185.9,62.4,4.0,2,5.0,1
L10099,Finance,Unknown,Analyst,A,Data Literacy,2026-02-04,31.0,188.9,72.5,2.0,4,8.0,0
L10585,,Manchester,Analyst,B,Responsible AI,2026-01-16,39.2,132.1,44.6,1.0,0,23.0,0
L10430,Sales,Leeds,Coordinator,D,Data Literacy,2026-01-31,59.1,52.0,,1.0,5,16.0,0
L10101,Support,Birmingham,Manager,B,Data Literacy,2026-02-22,64.8,54.5,49.7,1.0,3,8.0,1
L10042,finance,London,Coordinator,B,AI Awareness,2026-02-01,37.2,153.7,62.5,5.0,0,9.0,1
L10265,Finance,Birmingham,Manager,B,AI Awareness,2026-01-17,42.0,185.2,73.1,3.0,2,22.0,1
L10196,Operations,REMOTE,Technician,C,ML Foundations,2026-04-02,55.3,124.2,,1.0,6,22.0,1
L10495,finance,London,Technician,A,AI Awareness,2026-03-31,65.0,120.1,74.8,4.0,3,10.0,1
L10013,Human Resources,Unknown,Technician,B,AI Awareness,2026-02-14,30.6,172.5,,3.0,2,17.0,0
L10220,Information Technology,remote ,Associate,C,ML Foundations,2026-02-26,32.9,178.2,64.7,4.0,1,,1
L10344,Finance,Manchester,Analyst,C,Data Literacy,2026-03-24,60.8,148.0,62.7,2.0,2,12.0,0
L10213,Support,Remote,Coordinator,C,ML Foundations,2026-02-21,30.6,246.6,67.9,1.0,0,6.0,1
L10119,HR,London,Manager,A,Data Literacy,2026-04-01,51.7,131.4,72.6,5.0,2,21.0,1
L10365,sales,Remote,Analyst,D,AI Awareness,2026-03-18,23.3,147.3,73.0,1.0,4,13.0,1
L10389,IT,Remote,Associate,B,Responsible AI,2026-01-07,26.8,92.9,76.7,4.0,3,10.0,1
L10069,,Bristol,Coordinator,B,ML Foundations,2026-02-18,33.9,56.1,39.6,1.0,3,17.0,0
L10297,finance,London,Manager,C,Data Literacy,2026-02-10,55.9,82.1,29.7,1.0,3,10.0,0
L10172,Sales,Remote,Technician,B,Data Literacy,2026-02-25,,151.7,77.7,1.0,1,17.0,1
L10149,Information Technology,London,Associate,C,Python Basics,2026-01-11,48.6,146.3,51.3,1.0,1,20.0,0
L10236,Sales,London,Manager,A,Responsible AI,2026-01-20,21.2,53.2,77.8,1.0,2,16.0,1
L10592,IT,Manchester,Analyst,B,Data Literacy,2026-03-15,55.3,129.7,100.0,4.0,5,17.0,1
L10547,finance,Cardiff,Manager,D,ML Foundations,2026-01-19,57.7,48.9,54.8,2.0,3,19.0,0
L10180,Support,London,Technician,B,Responsible AI,2026-03-27,25.5,150.8,78.9,5.0,2,13.0,1
L10100,Support,Bristol,Manager,B,AI Awareness,2026-03-23,51.2,124.1,97.0,1.0,3,10.0,1
L10518,HR,Remote,Technician,D,Responsible AI,2026-01-18,44.4,183.7,100.0,5.0,1,25.0,1
L10127,HR,Bristol,Coordinator,A,ML Foundations,2026-03-28,72.0,125.8,68.9,3.0,3,12.0,0
L10438,HR,Remote,Manager,A,Responsible AI,2026-02-02,67.0,191.5,50.0,4.0,4,11.0,1
L10528, OPERATIONS ,London,Analyst,D,Data Literacy,2026-02-22,57.6,65.4,99.4,5.0,2,15.0,1
L10103,Finance,London,Manager,B,Data Literacy,2026-01-15,44.2,113.4,89.8,5.0,3,15.0,1
L10471,HR,Remote,Analyst,B,AI Awareness,2026-03-04,62.1,144.5,37.8,1.0,3,28.0,0
L10246,Information Technology,Birmingham,Analyst,D,AI Awareness,2026-02-01,42.9,98.3,73.4,4.0,0,16.0,1
L10562,Information Technology,Remote,Coordinator,B,Responsible AI,2026-01-24,64.4,105.8,93.4,3.0,1,5.0,1
L10120,Information Technology,London,Analyst,D,AI Awareness,2026-03-16,33.1,133.2,47.4,2.0,0,14.0,0
L10076,Information Technology,Manchester,Specialist,A,Python Basics,2026-01-23,79.3,132.7,54.7,2.0,2,16.0,1
L10053, OPERATIONS ,London,Associate,A,AI Awareness,2026-02-23,32.4,156.7,65.8,1.0,2,5.0,0
L10229,Human Resources,Remote,Coordinator,B,Python Basics,2026-02-19,82.0,88.5,27.4,4.0,1,17.0,0
L10352, OPERATIONS ,Manchester,Specialist,A,AI Awareness,2026-03-03,12.4,185.5,90.7,2.0,5,6.0,1
L10110,,Birmingham,Associate,B,Data Literacy,2026-03-13,98.9,176.1,41.5,2.0,5,9.0,0
L10007,Support,,Specialist,B,Python Basics,2026-01-24,83.2,185.6,45.8,2.0,3,14.0,1
L10025,Operations,Birmingham,Analyst,B,Responsible AI,2026-01-14,57.4,150.7,69.0,3.0,1,26.0,1
L10292,,Manchester,Technician,A,Responsible AI,2026-04-04,50.4,80.5,59.0,3.0,2,14.0,1
L10309,Sales,Remote,Technician,A,ML Foundations,2026-02-20,,121.8,63.4,1.0,1,19.0,1
L10560,Human Resources,London,Coordinator,A,Python Basics,2026-02-05,55.7,139.1,,5.0,1,,0
L10345,Information Technology,Manchester,Associate,A,AI Awareness,2026-01-20,45.8,79.3,52.8,5.0,1,11.0,0
L10207,operations,Remote,Technician,B,AI Awareness,2026-03-27,87.8,117.6,59.5,1.0,2,18.0,0
L10524,HR,Edinburgh,Analyst,B,AI Awareness,2026-02-12,,147.9,44.9,3.0,2,18.0,1
L10020,Human Resources,Manchester,Coordinator,A,AI Awareness,2026-02-04,63.6,132.0,72.5,3.0,0,10.0,1
L10542,IT,remote ,Analyst,B,AI Awareness,2026-02-11,68.9,112.5,56.0,1.0,3,18.0,1
L10009,sales,Birmingham,Associate,A,ML Foundations,2026-02-12,78.4,152.8,84.0,1.0,0,26.0,1
L10578,Information Technology,Remote,Associate,B,ML Foundations,2026-02-08,54.6,170.3,33.1,2.0,2,25.0,0
L10581,Customer Support,Manchester,Associate,B,AI Awareness,2026-03-12,40.1,177.0,75.6,1.0,3,14.0,0
L10502,finance,Manchester,Specialist,D,Python Basics,2026-01-23,31.5,97.9,85.2,1.0,3,17.0,1
L10378,IT,London,Coordinator,A,Data Literacy,2026-02-27,52.1,120.1,47.7,4.0,4,19.0,0
L10460,sales,London,Coordinator,A,Responsible AI,2026-03-17,37.9,234.5,61.0,3.0,4,17.0,1
L10188,Finance,remote ,Manager,B,ML Foundations,2026-03-14,62.3,171.9,81.6,4.0,5,17.0,1
L10162, OPERATIONS ,London,Coordinator,C,Python Basics,2026-02-10,61.2,119.9,54.1,,4,2.0,0
L10447,Finance,Birmingham,Associate,A,Data Literacy,2026-03-15,50.5,96.4,100.0,5.0,0,6.0,1
L10351,Sales,Manchester,Specialist,C,Python Basics,2026-01-17,61.8,179.9,,,2,13.0,0
L10216,Support,London,Associate,B,ML Foundations,2026-03-15,51.4,121.1,,1.0,1,17.0,0
L10485,HR,Leeds,Specialist,D,ML Foundations,2026-02-22,15.6,86.7,57.0,2.0,3,16.0,0
L10514,IT,,Analyst,A,Data Literacy,2026-03-01,74.0,118.2,67.8,5.0,0,14.0,1
L10535,sales,remote ,Associate,D,ML Foundations,2026-03-12,25.4,113.7,72.3,3.0,2,7.0,0
L10096,Sales,Leeds,Technician,C,ML Foundations,2026-02-05,22.3,121.2,60.3,1.0,1,23.0,0
L10244,sales,London,Analyst,D,Responsible AI,2026-02-22,83.2,175.1,66.0,5.0,1,15.0,1
L10496,Finance,Manchester,Associate,A,Data Literacy,2026-03-02,71.2,115.3,84.8,5.0,2,25.0,1
L10014,Sales,Bristol,Coordinator,B,Data Literacy,2026-02-11,53.7,196.4,,2.0,2,18.0,0
L10242,IT,Edinburgh,Manager,C,ML Foundations,2026-03-17,52.3,121.0,73.3,4.0,2,10.0,1
L10325,Sales,Manchester,Analyst,B,Python Basics,2026-02-01,44.2,87.0,60.4,3.0,3,18.0,1
L10327,Sales,London,Manager,B,AI Awareness,2026-01-24,25.0,88.2,78.5,4.0,2,14.0,1
L10429,Information Technology,Edinburgh,Analyst,B,AI Awareness,2026-03-18,34.5,87.4,70.3,4.0,1,10.0,1
L10491,Operations,Edinburgh,Associate,B,AI Awareness,2026-02-16,88.2,95.0,80.4,4.0,1,,1
L10364,IT,Manchester,Associate,B,Data Literacy,2026-01-16,50.3,119.9,75.2,5.0,2,4.0,1
L10163,Finance,Remote,Manager,A,Python Basics,2026-01-24,37.2,129.1,55.5,2.0,2,16.0,1
L10461,Operations,London,Analyst,A,AI Awareness,2026-03-17,76.0,98.5,61.6,5.0,3,3.0,1
L10459,Support,Cardiff,Coordinator,A,ML Foundations,2026-03-01,42.0,111.2,37.7,2.0,4,16.0,0
L10286,Human Resources,Cardiff,Specialist,A,Responsible AI,2026-03-18,87.5,140.4,,5.0,1,9.0,1
L10249,Support,Birmingham,Manager,D,Python Basics,2026-03-19,45.3,130.9,60.2,4.0,1,25.0,1
L10264,,Leeds,Coordinator,B,AI Awareness,2026-02-12,36.0,181.3,54.7,1.0,4,12.0,0
L10383,Information Technology,REMOTE,Coordinator,A,Data Literacy,2026-02-23,39.7,177.4,87.8,2.0,0,16.0,1
L10293,Customer Support,REMOTE,Technician,B,ML Foundations,2026-02-23,56.8,125.5,73.3,1.0,0,,1
L10531,Human Resources,Edinburgh,Manager,A,ML Foundations,2026-02-09,46.6,56.7,73.3,3.0,0,4.0,1
L10294, OPERATIONS ,Cardiff,Manager,B,Data Literacy,2026-01-30,69.6,98.0,86.4,1.0,1,21.0,1
L10232, OPERATIONS ,Leeds,Specialist,C,Data Literacy,2026-03-11,,140.5,55.9,1.0,2,13.0,0
L10559,HR,Birmingham,Coordinator,B,ML Foundations,2026-02-01,14.6,161.7,60.8,4.0,4,9.0,0
L10425,sales,Remote,Analyst,C,Data Literacy,2026-01-29,39.4,89.9,42.0,4.0,4,16.0,0
L10304,Customer Support,London,Specialist,D,AI Awareness,2026-03-01,48.9,148.7,39.1,4.0,1,10.0,0
L10410,Information Technology,London,Associate,C,Data Literacy,2026-03-02,50.9,55.7,89.3,2.0,2,9.0,1
L10568,Sales,Manchester,Analyst,A,Responsible AI,2026-02-22,10.3,89.3,100.0,4.0,2,22.0,1
L10171,Information Technology,Birmingham,Coordinator,A,Responsible AI,2026-03-03,80.4,118.2,69.4,3.0,5,11.0,1
L10157,IT,Remote,Associate,B,Data Literacy,2026-01-14,41.4,167.5,65.5,4.0,3,16.0,0
L10390, OPERATIONS ,REMOTE,Coordinator,B,Data Literacy,29/01/2026,51.2,126.6,71.6,3.0,1,7.0,1
L10307,Human Resources,Cardiff,Analyst,B,Responsible AI,2026-02-08,31.4,117.5,67.1,2.0,1,11.0,1
L10409,Finance,London,Coordinator,A,Data Literacy,2026-02-18,22.3,54.5,95.1,5.0,1,15.0,1
L10570,,Cardiff,Technician,C,Responsible AI,2026-03-10,63.7,56.3,50.8,5.0,0,6.0,1
L10339,HR,,Specialist,C,Data Literacy,2026-03-07,45.9,110.3,41.5,5.0,1,13.0,0
L10590,Operations,Remote,Coordinator,C,Python Basics,2026-03-16,93.5,158.3,54.3,4.0,3,26.0,0
L10080,Operations,Leeds,Manager,C,Responsible AI,2026-02-10,53.4,180.5,94.8,2.0,1,21.0,1
L10349,Operations,London,Manager,C,AI Awareness,2026-03-17,45.3,172.6,70.5,4.0,2,14.0,1
L10363,Finance,Unknown,Associate,D,ML Foundations,2026-03-28,41.1,87.9,61.3,5.0,2,13.0,1
L10156,Finance,Bristol,Technician,D,Responsible AI,2026-01-31,55.8,151.1,82.6,4.0,3,13.0,1
L10179,IT,Leeds,Associate,C,AI Awareness,2026-03-01,73.7,137.1,63.1,3.0,1,22.0,1
L10152,,Birmingham,Specialist,A,AI Awareness,2026-01-28,50.0,75.6,72.6,2.0,1,19.0,1
L10151,Information Technology,remote ,Technician,B,Data Literacy,2026-03-28,70.9,84.0,53.7,3.0,3,21.0,0
L10078,Finance,Bristol,Technician,A,Responsible AI,2026-03-06,38.9,242.4,53.9,3.0,2,14.0,0
L10591,Information Technology,London,Manager,C,AI Awareness,2026-03-26,50.7,123.5,52.4,3.0,2,11.0,1
L10140,Finance,Bristol,Technician,D,ML Foundations,2026-04-01,58.1,92.8,97.4,3.0,2,12.0,1
L10504,finance,London,Manager,B,AI Awareness,2026-01-10,,109.1,87.4,4.0,2,10.0,1
L10441,Operations,London,Analyst,C,Responsible AI,2026-03-15,,171.0,89.0,2.0,1,8.0,1
L10092,Human Resources,Edinburgh,Manager,B,Data Literacy,2026-02-15,26.0,127.7,51.0,5.0,1,7.0,1
L10546, OPERATIONS ,Bristol,Technician,B,Python Basics,2026-02-27,38.9,64.7,72.3,2.0,5,17.0,0
L10586,Customer Support,Edinburgh,Specialist,C,Python Basics,2026-02-05,74.3,105.1,81.0,2.0,2,21.0,1
L10319,Information Technology,Remote,Technician,C,AI Awareness,2026-01-20,66.3,134.0,71.8,2.0,2,9.0,1
L10131,Customer Support,Manchester,Analyst,B,AI Awareness,2026-01-24,-10.0,90.8,43.0,4.0,2,13.0,0
L10197,Human Resources,Cardiff,Analyst,C,ML Foundations,2026-02-19,68.3,74.5,84.3,1.0,3,14.0,1
L10419,IT,Edinburgh,Technician,B,Responsible AI,2026-01-18,42.5,148.7,50.3,2.0,1,17.0,0
L10516,Operations,London,Manager,B,Data Literacy,2026-03-15,48.8,49.7,71.2,4.0,2,23.0,1
L10104,Customer Support,Manchester,Specialist,B,Python Basics,2026-03-26,36.6,95.9,61.1,1.0,4,7.0,0
L10593,sales,Manchester,Technician,B,ML Foundations,2026-01-10,52.7,122.5,,1.0,4,24.0,0
L10478,Information Technology,Unknown,Technician,A,AI Awareness,2026-03-09,59.3,94.5,61.4,4.0,4,10.0,1
L10107, OPERATIONS ,Bristol,Technician,A,Data Literacy,2026-01-27,59.8,231.1,91.7,1.0,1,17.0,1
L10199,Sales,Bristol,Associate,A,Data Literacy,2026-01-30,62.1,158.0,83.1,2.0,1,13.0,1
L10356,finance,REMOTE,Specialist,A,Data Literacy,2026-01-12,62.6,102.3,33.6,4.0,1,4.0,0
L10565,Operations,Remote,Technician,C,Data Literacy,2026-01-28,44.1,154.9,67.2,2.0,4,3.0,1
L10449,Sales,Manchester,Coordinator,B,ML Foundations,2026-03-02,125.0,111.0,89.0,2.0,3,10.0,1
L10521,Finance,Bristol,Associate,B,Data Literacy,2026-03-15,39.2,149.2,32.2,2.0,2,18.0,0
L10582,HR,Remote,Specialist,B,ML Foundations,2026-03-13,64.9,185.0,77.3,1.0,5,14.0,1
L10133,operations,Bristol,Associate,D,AI Awareness,2026-01-11,62.7,105.1,49.5,2.0,3,16.0,0
L10118,HR,Birmingham,Manager,A,AI Awareness,2026-03-01,65.7,125.4,74.4,5.0,3,18.0,1
L10370,sales,Manchester,Coordinator,B,Data Literacy,2026-03-10,55.8,105.1,79.8,3.0,1,17.0,1
L10302,sales,Remote,Associate,A,Data Literacy,2026-01-26,31.9,116.8,95.6,4.0,0,10.0,1
L10134,HR,,Specialist,A,AI Awareness,2026-01-12,-10.0,169.3,71.5,2.0,1 tickets,16.0,1
L10446,Finance,Leeds,Technician,B,ML Foundations,2026-03-10,78.2,1440.0,75.0,3.0,3,13.0,1
L10457,Human Resources,Manchester,Technician,B,AI Awareness,2026-01-21,47.0,94.5,91.8,4.0,0,13.0,1
L10162, OPERATIONS ,London,Coordinator,C,Python Basics,2026-02-10,61.2,119.9,54.1,,4,2.0,0
L10432,operations,Birmingham,Coordinator,D,Responsible AI,2026-04-03,45.4,243.1,67.1,3.0,3,16.0,1
L10005,Human Resources,Bristol,Analyst,C,ML Foundations,2026-02-16,32.8,122.3,62.8,3.0,1,12.0,1
L10278,Information Technology,REMOTE,Specialist,C,Data Literacy,2026-01-28,39.9,154.4,77.8,4.0,1,17.0,1
L10424,Finance,London,Analyst,B,ML Foundations,2026-02-19,84.7,138.5,43.8,2.0,0,11.0,1
L10282,sales,,Associate,D,Python Basics,2026-03-12,30.7,196.4,51.1,4.0,2 tickets,15.0,0
L10315,Human Resources,,Technician,B,ML Foundations,2026-03-05,44.0,97.3,77.5,3.0,3,6.0,0
L10409,Finance,London,Coordinator,A,Data Literacy,2026-02-18,22.3,54.5,95.1,5.0,1,15.0,1
L10115,IT,Manchester,Manager,A,AI Awareness,2026-02-07,92.0,105.1,76.9,3.0,2,16.0,1
L10416,finance,Remote,Analyst,A,Data Literacy,2026-01-06,81.1,59.8,44.0,3.0,4,9.0,0
L10075,Sales,London,Associate,A,ML Foundations,2026-03-30,50.5,118.5,62.3,4.0,2,6.0,1
L10494,operations,Leeds,Coordinator,D,Data Literacy,2026-02-19,51.8,58.5,66.9,5.0,2,16.0,1
L10462,Human Resources,Cardiff,Associate,A,AI Awareness,2026-03-04,30.1,90.2,80.8,3.0,2,,1
L10539,Operations,London,Coordinator,A,AI Awareness,2026-02-23,93.2,66.1,59.1,1.0,2,13.0,0
L10333,Information Technology,Unknown,Specialist,B,Data Literacy,2026-02-20,44.8,245.3,45.3,3.0,1,20.0,0
L10208,operations,London,Technician,A,Data Literacy,2026-01-25,59.1,147.3,,3.0,1,6.0,1
L10206,IT,Bristol,Technician,A,AI Awareness,2026-02-07,43.4,177.1,91.9,5.0,3,10.0,1
L10073,Support,Manchester,Technician,A,Data Literacy,2026-03-11,42.6,116.6,57.9,2.0,2,25.0,1
L10008,Customer Support,Unknown,Specialist,B,Data Literacy,2026-01-19,,150.2,80.3,3.0,2,16.0,1
L10222,Operations,Edinburgh,Manager,A,Python Basics,2026-02-05,40.4,152.6,66.3,1.0,2,22.0,0
L10045,Support,Birmingham,Manager,A,AI Awareness,2026-02-18,42.4,112.1,74.8,3.0,4,18.0,1
L10262,IT,Birmingham,Technician,C,Python Basics,2026-04-02,65.4,168.5,60.0,3.0,4,25.0,0
L10027,,Manchester,Manager,A,Data Literacy,2026-01-29,67.5,119.2,64.6,1.0,3,16.0,1
L10003,Finance,Manchester,Analyst,B,Python Basics,2026-03-24,,125.5,85.9,5.0,2,19.0,1
L10323,Support,London,Technician,C,ML Foundations,2026-01-07,48.9,186.2,82.5,3.0,2,,0
L10016,Support,Unknown,Coordinator,C,Data Literacy,2026-03-02,,131.1,60.5,1.0,2,19.0,0
L10239, OPERATIONS ,Bristol,Manager,A,AI Awareness,2026-01-19,68.6,143.4,72.6,2.0,2,6.0,1
L10041, OPERATIONS ,remote ,Specialist,C,Data Literacy,2026-01-07,62.8,154.4,59.4,1.0,1,,0
L10176, OPERATIONS ,London,Specialist,A,AI Awareness,2026-02-11,-10.0,53.4,76.7,3.0,2,3.0,1
L10272,Finance,REMOTE,Coordinator,C,AI Awareness,2026-01-23,68.4,239.9,53.1,1.0,1,13.0,1
L10387, OPERATIONS ,Remote,Technician,A,ML Foundations,2026-02-15,41.9,189.8,91.3,4.0,1,20.0,1
L10479,Finance,Birmingham,Specialist,B,Data Literacy,2026-01-20,69.4,144.4,23.7,2.0,1,9.0,0
L10079,Finance,,Coordinator,A,Responsible AI,2026-03-21,33.9,81.9,35.4,4.0,3,12.0,0
L10402,Customer Support,Bristol,Specialist,C,AI Awareness,2026-01-06,49.7,182.6,47.4,3.0,5,15.0,0
L10164,operations,Remote,Specialist,C,Data Literacy,2026-03-10,86.6,155.8,81.6,3.0,0,18.0,1
L10407,,Birmingham,Manager,D,Data Literacy,2026-02-20,56.7,83.6,89.0,2.0,3,16.0,1
L10059,Human Resources,Cardiff,Manager,A,Python Basics,2026-01-05,42.0,182.3,64.1,4.0,0,16.0,1
L10480,sales,Manchester,Analyst,C,Python Basics,2026-02-28,44.8,146.1,87.4,5.0,1,17.0,1
L10393,Sales,Remote,Associate,B,Responsible AI,2026-01-11,45.6,248.1,60.5,2.0,1,15.0,0
L10493,,Unknown,Analyst,B,Python Basics,2026-03-16,71.5,62.6,66.3,2.0,2,,1
L10533,Finance,Remote,Specialist,C,Responsible AI,2026-01-21,,229.8,81.0,3.0,1,11.0,1
L10183,operations,Remote,Associate,A,ML Foundations,2026-01-18,39.2,76.8,57.6,5.0,4,18.0,0
L10320,operations,Bristol,Associate,A,Python Basics,2026-03-25,34.4,141.7,58.6,3.0,2,17.0,1
L10177,operations,Remote,Manager,A,ML Foundations,2026-03-11,46.2,103.1,80.9,1.0,2,19.0,1
L10550, OPERATIONS ,Cardiff,Specialist,D,ML Foundations,2026-02-23,65.9,150.3,77.0,5.0,2,13.0,1
L10093,Information Technology,London,Analyst,A,AI Awareness,2026-01-09,56.0,220.9,76.8,3.0,1,14.0,1
L10168, OPERATIONS ,Leeds,Manager,B,AI Awareness,2026-02-08,56.3,139.7,53.0,4.0,4,15.0,0
L10201,Finance,Manchester,Coordinator,B,Responsible AI,2026-02-25,53.7,-30.0,55.4,5.0,3,11.0,1
L10082,Customer Support,London,Analyst,A,ML Foundations,2026-01-31,36.3,119.7,72.4,4.0,1,22.0,1
L10025,Operations,Birmingham,Analyst,B,Responsible AI,2026-01-14,57.4,150.7,69.0,3.0,1,26.0,1
L10158,Support,Remote,Manager,B,ML Foundations,2026-02-07,48.7,243.4,82.7,4.0,1,23.0,1
L10085,IT,Manchester,Analyst,A,Python Basics,2026-02-22,17.6,53.2,50.1,4.0,0,13.0,1
L10191,operations,Bristol,Coordinator,B,Data Literacy,2026-03-17,42.8,182.5,55.1,2.0,1,12.0,0
L10153,sales,London,Analyst,A,AI Awareness,2026-01-19,62.8,181.8,33.0,5.0,1,25.0,0
L10154,Sales,Leeds,Associate,D,Data Literacy,2026-03-12,48.5,158.0,43.7,3.0,5,17.0,0
L10130,Information Technology,Edinburgh,Associate,B,Python Basics,2026-01-12,67.4,180.3,71.3,1.0,2,13.0,1
L10405,Operations,London,Technician,B,Python Basics,27/02/2026,66.2,176.0,54.1,1.0,0,26.0,1
L10397,Sales,,Coordinator,A,AI Awareness,2026-02-12,39.6,63.4,59.7,3.0,3 tickets,9.0,0
L10372,operations,Remote,Technician,B,Responsible AI,2026-03-30,64.3,176.5,55.3,4.0,1,11.0,1
L10487,Information Technology,Leeds,Associate,C,Python Basics,2026-03-17,49.2,94.8,87.8,2.0,5,18.0,1
L10452,sales,Bristol,Technician,C,Data Literacy,2026-02-11,76.9,178.4,45.9,3.0,0,5.0,1
L10010,HR,London,Specialist,A,Responsible AI,2026-02-03,52.6,186.3,150.0,1.0,4,20.0,0
L10086,Customer Support,Leeds,Associate,A,AI Awareness,2026-02-15,100.0,238.1,67.9,2.0,5,14.0,1
L10035,operations,Bristol,Manager,C,Data Literacy,2026-02-03,55.1,154.6,73.3,3.0,5,20.0,1
L10588,Sales,Birmingham,Analyst,C,ML Foundations,2026-01-17,47.0,103.2,90.0,2.0,1,17.0,1
L10213,Support,Remote,Coordinator,C,ML Foundations,2026-02-21,30.6,246.6,67.9,1.0,0,6.0,1
L10381,Support,Cardiff,Technician,C,Data Literacy,2026-02-23,51.6,190.5,61.7,1.0,3,15.0,0
L10028,Operations,Leeds,Specialist,D,Data Literacy,2026-03-07,64.6,84.0,83.2,4.0,1,6.0,1
L10050,Information Technology,Leeds,Coordinator,A,Data Literacy,2026-01-25,61.6,92.8,83.3,2.0,1,21.0,1
L10311,Operations,,Technician,C,Python Basics,2026-03-28,-10.0,119.0,54.2,4.0,3 tickets,20.0,0
L10303,operations,Birmingham,Manager,A,Python Basics,2026-03-11,,84.1,,4.0,2,7.0,1
L10117,Finance,London,Manager,B,ML Foundations,2026-02-06,52.6,91.6,44.0,5.0,1,9.0,0
L10107, OPERATIONS ,Bristol,Technician,A,Data Literacy,2026-01-27,59.8,231.1,91.7,1.0,1,17.0,1
L10198,Operations,Unknown,Manager,D,AI Awareness,2026-03-06,77.2,247.8,100.0,2.0,1,13.0,1
L10159,finance,REMOTE,Associate,B,Data Literacy,2026-03-07,2.6,57.7,60.7,,2,20.0,1
L10281,finance,remote ,Technician,B,ML Foundations,2026-02-23,36.9,185.3,58.5,5.0,3,13.0,1
L10074,operations,Manchester,Specialist,A,Responsible AI,2026-03-15,68.0,129.2,59.9,2.0,2,18.0,1
L10558,operations,London,Associate,D,Data Literacy,2026-02-13,57.2,125.1,94.6,1.0,3,17.0,1
L10353, OPERATIONS ,Birmingham,Manager,B,Python Basics,2026-03-27,60.0,155.3,60.5,3.0,1,22.0,0
L10029,finance,Unknown,Coordinator,C,ML Foundations,2026-02-07,,87.0,69.9,3.0,1,15.0,1
L10335,Sales,London,Coordinator,A,Data Literacy,2026-02-22,24.8,83.9,100.0,2.0,3,21.0,1
L10435, OPERATIONS ,Edinburgh,Manager,B,AI Awareness,2026-01-20,56.2,170.3,46.2,2.0,2,12.0,0
L10454,sales,Remote,Manager,B,Data Literacy,2026-02-04,34.2,168.9,73.8,1.0,2,16.0,0
L10011,Human Resources,Birmingham,Specialist,C,Python Basics,2026-01-23,66.3,91.1,100.0,2.0,1,7.0,1
L10142,,Unknown,Specialist,C,ML Foundations,2026-03-22,34.1,140.4,35.9,4.0,2,6.0,0
L10394,IT,London,Specialist,A,Responsible AI,2026-01-16,25.8,124.7,65.7,5.0,5,14.0,1
L10545,Customer Support,Manchester,Technician,A,Responsible AI,2026-03-23,26.8,73.6,69.5,,1,20.0,1
L10508,operations,Leeds,Technician,D,ML Foundations,2026-01-06,43.0,96.1,83.1,5.0,4,10.0,1
L10285,,Remote,Associate,B,Data Literacy,2026-01-13,42.2,190.5,63.4,2.0,3,12.0,0
L10517,Finance,Unknown,Analyst,B,Python Basics,2026-02-14,100.0,121.6,,2.0,1,22.0,1
L10067,Support,Birmingham,Manager,A,Data Literacy,2026-03-26,79.6,253.9,999.0,4.0,2,22.0,1
L10523,Sales,London,Specialist,A,Data Literacy,2026-03-30,30.6,84.4,75.3,5.0,2,11.0,1
L10338,Information Technology,Unknown,Analyst,B,ML Foundations,2026-03-31,32.2,108.7,45.3,5.0,4,9.0,0
L10324,Support,Remote,Coordinator,D,Data Literacy,2026-02-11,45.4,90.7,48.7,2.0,4,21.0,0
L10451,IT,remote ,Technician,B,AI Awareness,2026-02-25,90.5,179.8,57.5,2.0,2,12.0,1
L10375,Finance,Remote,Coordinator,A,AI Awareness,2026-03-10,72.6,139.9,62.3,4.0,0,13.0,1
L10329,Finance,Birmingham,Coordinator,B,Python Basics,2026-02-16,56.9,54.9,40.2,1.0,1,13.0,0
L10298,Finance,REMOTE,Manager,D,Data Literacy,2026-02-21,65.3,85.2,75.0,3.0,1,10.0,1
L10314,operations,Unknown,Coordinator,A,ML Foundations,2026-01-28,24.6,97.7,55.1,5.0,4,7.0,0
L10248,Support,London,Specialist,B,AI Awareness,2026-01-21,52.7,113.7,86.3,2.0,2,16.0,1
L10483,Sales,Manchester,Technician,B,Responsible AI,2026-02-20,54.9,227.8,57.2,5.0,0,14.0,1
L10263,sales,Manchester,Analyst,D,AI Awareness,2026-01-24,59.0,159.9,86.0,1.0,1,11.0,1
L10433,Finance,Leeds,Specialist,B,ML Foundations,2026-02-14,55.0,242.0,100.0,3.0,0,15.0,1
L10386,Customer Support,Remote,Coordinator,B,AI Awareness,2026-03-12,55.2,153.4,82.9,3.0,3,10.0,1
L10473,Information Technology,Unknown,Analyst,A,AI Awareness,2026-02-25,,178.2,53.6,1.0,2,17.0,0
L10305,Customer Support,Remote,Specialist,C,ML Foundations,2026-01-05,51.3,141.3,57.4,1.0,1,16.0,1
L10341,sales,Leeds,Specialist,B,Python Basics,2026-02-22,47.6,180.0,69.2,5.0,1,20.0,1
L10019,HR,Bristol,Analyst,C,ML Foundations,2026-01-28,,183.1,79.0,5.0,2,12.0,1
L10587,Operations,London,Specialist,A,ML Foundations,2026-01-19,62.8,181.4,70.6,5.0,0,8.0,1
L10121,Finance,,Specialist,B,AI Awareness,2026-03-16,52.7,159.4,90.7,2.0,2 tickets,,1
L10484, OPERATIONS ,,Analyst,B,AI Awareness,2026-01-26,58.9,94.5,82.1,3.0,1,18.0,1
L10506,operations,Leeds,Manager,B,Responsible AI,2026-02-27,,148.9,65.1,3.0,1,20.0,1
L10532,Customer Support,Leeds,Analyst,A,AI Awareness,2026-02-21,12.7,93.8,18.4,2.0,3,12.0,0
L10136, OPERATIONS ,Unknown,Manager,D,ML Foundations,2026-01-09,32.1,86.3,70.2,3.0,3,17.0,0
L10498,Human Resources,Remote,Manager,A,AI Awareness,2026-02-09,63.0,91.0,83.3,3.0,4,7.0,1
L10202,Customer Support,Birmingham,Specialist,A,Python Basics,2026-02-13,40.3,113.3,62.6,1.0,3,16.0,1
L10084,Sales,Birmingham,Manager,B,Responsible AI,2026-02-09,50.5,235.1,70.6,2.0,3,30.0,0
L10521,Finance,Bristol,Associate,B,Data Literacy,2026-03-15,39.2,149.2,32.2,2.0,2,18.0,0
L10113,IT,Manchester,Manager,B,Responsible AI,2026-03-18,77.9,237.5,22.1,4.0,2,21.0,0
L10184,Human Resources,remote ,Associate,B,ML Foundations,2026-03-17,,112.6,61.6,5.0,1,21.0,1
L10043,Information Technology,Birmingham,Coordinator,C,Data Literacy,2026-02-18,58.8,150.5,52.0,1.0,3,23.0,0
L10583,Support,Remote,Technician,B,AI Awareness,2026-02-08,53.2,109.0,80.1,5.0,1,8.0,1
L10505,Customer Support,,Manager,A,ML Foundations,2026-01-27,52.8,58.0,62.2,3.0,3,9.0,0
L10541,Information Technology,Remote,Specialist,B,Data Literacy,2026-01-31,35.4,83.0,51.5,2.0,4,13.0,0
L10061,Sales,remote ,Manager,C,Data Literacy,2026-01-17,86.8,177.4,150.0,3.0,1,21.0,1
L10087,Information Technology,Remote,Technician,C,ML Foundations,2026-03-04,39.9,120.1,79.6,4.0,2,12.0,1
L10544,HR,Birmingham,Coordinator,C,AI Awareness,2026-01-22,40.0,130.8,51.8,2.0,3,11.0,0
L10226,sales,Bristol,Analyst,B,Responsible AI,2026-03-16,35.1,188.2,91.6,5.0,2,14.0,1
L10470,Finance,Remote,Coordinator,C,ML Foundations,2026-02-05,58.1,167.9,100.0,5.0,2,12.0,1
L10291,Support,Cardiff,Analyst,C,Data Literacy,2026-01-13,67.5,147.8,100.0,1.0,2,9.0,1
L10579,IT,Birmingham,Associate,A,Responsible AI,2026-03-27,72.0,84.7,150.0,3.0,2,7.0,0
L10111,Support,London,Manager,D,Responsible AI,2026-03-29,75.0,104.7,85.2,3.0,3,11.0,1
L10033,Operations,Remote,Associate,B,AI Awareness,2026-03-27,28.0,175.7,92.1,2.0,0,10.0,1
L10173,IT,Edinburgh,Coordinator,D,AI Awareness,2026-01-05,28.3,150.9,88.3,3.0,0,19.0,1
L10000,Customer Support,Birmingham,Specialist,A,ML Foundations,2026-02-05,,123.3,64.2,5.0,3,13.0,1
L10135,Support,Unknown,Specialist,A,Data Literacy,2026-01-07,30.1,109.4,,1.0,2,21.0,0
L10465,sales,Cardiff,Manager,C,AI Awareness,2026-02-04,53.4,230.4,72.1,2.0,2,21.0,1
L10358,Finance,London,Technician,A,Data Literacy,2026-03-04,45.4,125.7,41.3,5.0,1,15.0,0
L10194,Finance,Remote,Associate,B,ML Foundations,2026-03-18,81.3,82.7,87.6,5.0,0,9.0,1
L10225,Support,Bristol,Technician,A,Data Literacy,2026-03-04,64.2,105.4,49.5,2.0,3,30.0,0
L10326,Information Technology,Birmingham,Manager,B,Responsible AI,2026-02-06,56.4,180.1,85.4,1.0,3,3.0,1
L10513,finance,Leeds,Analyst,C,Python Basics,2026-01-07,60.5,167.7,56.0,2.0,3,21.0,0
L10190,Operations,Unknown,Analyst,B,Data Literacy,2026-01-15,,150.4,,2.0,3,24.0,1
L10529,Support,Manchester,Analyst,D,Data Literacy,2026-03-25,61.9,54.5,83.0,1.0,2,24.0,1
L10243,Information Technology,Bristol,Associate,B,Data Literacy,2026-03-20,43.0,188.7,50.8,5.0,3,11.0,1
L10266,operations,Remote,Manager,A,Responsible AI,2026-02-15,31.0,186.3,67.6,5.0,3,25.0,1
L10537, OPERATIONS ,Manchester,Analyst,A,Python Basics,2026-02-11,49.3,126.0,59.3,4.0,1,17.0,1
L10048,Information Technology,Bristol,Technician,B,ML Foundations,2026-02-05,55.5,88.7,68.1,2.0,1,5.0,0
L10204,IT,London,Associate,B,AI Awareness,2026-01-13,63.3,148.4,100.0,3.0,3,11.0,1
L10102,Customer Support,London,Specialist,A,Python Basics,2026-01-26,47.0,144.3,63.2,5.0,7,4.0,1
L10066,Customer Support,Cardiff,Analyst,C,AI Awareness,2026-04-01,55.2,125.2,66.7,4.0,0,11.0,0
L10022,Information Technology,Leeds,Manager,D,Data Literacy,2026-02-14,68.5,154.9,56.8,3.0,2,12.0,0
L10597,Customer Support,REMOTE,Associate,B,Python Basics,2026-01-23,59.7,129.2,60.0,1.0,1,13.0,1
L10463,operations,Birmingham,Manager,B,ML Foundations,2026-03-30,77.3,113.1,80.7,5.0,2,21.0,1
L10510,finance,Unknown,Manager,A,Data Literacy,2026-03-22,62.0,172.0,58.0,5.0,5,15.0,1
L10332,Operations,London,Analyst,B,Python Basics,2026-04-03,67.2,122.8,61.5,3.0,3,16.0,1
L10350,HR,Remote,Manager,A,AI Awareness,2026-01-09,49.6,240.8,52.8,2.0,1,22.0,1
L10253,operations,London,Specialist,B,ML Foundations,2026-01-14,72.0,115.6,,4.0,5,13.0,1
L10467,,Bristol,Associate,C,Data Literacy,2026-02-16,32.4,176.7,70.7,4.0,6,17.0,1
L10469,Operations,Cardiff,Coordinator,A,Data Literacy,2026-01-29,100.0,144.8,77.4,4.0,2,22.0,1
L10161,Information Technology,Remote,Manager,A,AI Awareness,2026-03-30,64.3,153.6,29.9,1.0,2,18.0,0
L10374,Sales,Remote,Manager,A,Data Literacy,2026-02-05,65.9,80.1,72.4,5.0,0,14.0,1
L10064,,Remote,Associate,A,AI Awareness,2026-02-13,73.0,126.3,77.0,5.0,2,12.0,1
L10420,HR,Cardiff,Manager,C,ML Foundations,2026-02-24,25.2,157.3,53.9,5.0,2,17.0,1
L10203,Customer Support,Unknown,Specialist,C,ML Foundations,2026-01-17,62.9,249.8,52.6,3.0,3,11.0,1
L10526,sales,Manchester,Coordinator,B,Data Literacy,2026-02-12,66.3,125.2,48.1,3.0,4,20.0,1
L10167,Sales,Manchester,Specialist,B,AI Awareness,2026-01-28,40.1,168.2,82.1,4.0,2,13.0,1
L10567,Information Technology,Birmingham,Specialist,A,AI Awareness,2026-02-19,40.1,48.1,45.5,5.0,4,20.0,0
L10224,Human Resources,Birmingham,Technician,C,Responsible AI,2026-03-31,72.8,89.8,100.0,3.0,0,13.0,1
L10209,Finance,London,Associate,A,AI Awareness,2026-04-01,19.1,125.5,61.9,1.0,0,14.0,0
L10573,Operations,Edinburgh,Manager,B,Responsible AI,2026-01-06,77.6,149.3,90.3,2.0,2,12.0,1
L10497,Customer Support,Birmingham,Specialist,A,ML Foundations,2026-03-28,66.7,120.2,64.6,5.0,3,9.0,0
L10306,Customer Support,Edinburgh,Technician,C,ML Foundations,28/02/2026,57.3,114.9,71.7,3.0,4,22.0,1
L10169, OPERATIONS ,Remote,Coordinator,A,AI Awareness,2026-01-17,56.6,72.5,36.6,5.0,5,18.0,0
L10366,operations,Leeds,Technician,C,Responsible AI,2026-03-24,49.7,94.2,53.5,4.0,2,24.0,0
L10354,IT,remote ,Specialist,B,Data Literacy,2026-01-23,54.8,118.1,53.8,5.0,1,14.0,0
L10584,Sales,London,Technician,A,AI Awareness,2026-04-02,51.3,44.9,73.5,5.0,1,17.0,1
L10413,finance,London,Technician,B,Python Basics,2026-03-30,58.6,55.7,44.9,3.0,2,6.0,0
L10230,sales,London,Technician,A,Data Literacy,2026-01-07,66.5,117.7,,5.0,1,9.0,0
L10046,Sales,Birmingham,Specialist,C,AI Awareness,2026-03-03,64.2,122.7,53.0,2.0,2,17.0,1
L10500,Customer Support,Cardiff,Specialist,B,Data Literacy,2026-01-05,75.2,82.6,55.4,3.0,2,12.0,0
L10240,Human Resources,London,Coordinator,B,Python Basics,2026-03-15,60.3,82.8,,2.0,0,8.0,1
L10399,Finance,Birmingham,Technician,C,AI Awareness,2026-01-26,54.9,117.4,24.0,2.0,3,10.0,0
L10247,sales,Bristol,Analyst,A,Data Literacy,2026-01-18,67.9,113.0,89.9,4.0,1,27.0,1
L10455,Operations,Cardiff,Technician,C,Data Literacy,2026-01-24,39.4,-30.0,66.6,4.0,6,8.0,0
L10205,HR,London,Coordinator,A,ML Foundations,2026-02-22,54.7,178.4,94.5,5.0,2,21.0,1
L10371,sales,Unknown,Coordinator,B,Python Basics,2026-03-20,72.8,247.4,100.0,2.0,4,10.0,1
L10108, OPERATIONS ,Leeds,Technician,C,AI Awareness,2026-03-06,37.3,132.9,44.2,1.0,3,20.0,0
L10219,Customer Support,Manchester,Coordinator,B,Data Literacy,2026-01-31,27.2,177.5,64.5,4.0,1,13.0,1
L10290,operations,,Specialist,A,Data Literacy,2026-01-29,69.1,139.3,70.8,4.0,4 tickets,24.0,1
L10001,IT,London,Specialist,D,Data Literacy,2026-03-31,,183.9,57.1,2.0,2,29.0,0
L10328,Sales,London,Technician,D,Python Basics,2026-01-16,85.8,113.6,53.7,4.0,3,12.0,1
L10507,Support,Leeds,Coordinator,B,Responsible AI,2026-01-20,58.4,184.5,58.1,2.0,1,17.0,0
L10576,IT,Edinburgh,Technician,C,Python Basics,2026-02-05,57.0,79.7,94.4,4.0,0,11.0,1
L10552,sales,Unknown,Specialist,C,ML Foundations,2026-01-20,66.1,45.0,33.2,3.0,6,14.0,0
L10403,Human Resources,London,Associate,A,Data Literacy,2026-03-31,40.9,150.0,52.9,2.0,1,31.0,0
L10536, OPERATIONS ,Edinburgh,Technician,D,Data Literacy,2026-01-20,71.0,126.8,63.4,1.0,0,14.0,0
L10261,finance,Leeds,Technician,B,AI Awareness,2026-01-27,,181.7,53.2,4.0,3,8.0,0
L10388,Information Technology,Manchester,Associate,D,AI Awareness,2026-03-23,79.3,81.8,62.3,4.0,1,22.0,1
L10144,Sales,Manchester,Coordinator,C,ML Foundations,2026-01-06,42.4,154.1,76.4,4.0,2,16.0,1
L10440,Customer Support,remote ,Coordinator,C,ML Foundations,2026-01-10,56.6,201.2,41.4,3.0,5,6.0,0
L10186,Operations,London,Specialist,A,AI Awareness,2026-02-04,66.3,238.8,36.4,1.0,0,12.0,0
L10052,HR,Manchester,Manager,A,Data Literacy,2026-03-13,59.6,90.6,48.4,4.0,4,,1
L10355, OPERATIONS ,REMOTE,Specialist,A,Data Literacy,2026-03-08,19.1,177.8,34.5,1.0,2,23.0,0
L10245,Customer Support,London,Analyst,A,ML Foundations,2026-02-12,55.3,89.6,,1.0,1,11.0,0
L10058,Operations,Cardiff,Associate,D,AI Awareness,2026-01-10,71.5,126.3,81.2,3.0,3,6.0,1
L10434,Operations,Cardiff,Specialist,B,AI Awareness,2026-03-27,93.0,104.3,,4.0,2,15.0,1
L10575,sales,Leeds,Specialist,B,Python Basics,2026-02-03,48.6,87.0,66.4,3.0,6,7.0,1
L10182,IT,Birmingham,Coordinator,A,Responsible AI,2026-03-28,74.6,114.0,49.1,2.0,3,23.0,0
L10492,Finance,Edinburgh,Specialist,B,AI Awareness,2026-01-08,42.9,120.9,64.6,3.0,1,7.0,0
L10348,finance,remote ,Analyst,B,ML Foundations,2026-01-07,29.4,115.2,67.9,3.0,1,17.0,0
L10058,Operations,Cardiff,Associate,D,AI Awareness,2026-01-10,71.5,126.3,81.2,3.0,3,6.0,1
L10443,operations,Edinburgh,Specialist,B,ML Foundations,2026-03-02,37.2,114.0,75.5,4.0,1,12.0,1
L10360,Sales,Unknown,Manager,C,ML Foundations,2026-03-30,50.7,67.5,68.0,4.0,3,9.0,1
L10049,operations,remote ,Associate,A,ML Foundations,2026-03-07,79.9,116.9,75.0,5.0,4,13.0,1
L10312,Operations,Bristol,Associate,B,ML Foundations,2026-03-01,33.1,101.0,50.4,,4,10.0,0
L10137,Information Technology,Manchester,Associate,D,AI Awareness,2026-01-11,57.4,77.8,73.0,5.0,0,22.0,1
L10486,operations,Edinburgh,Coordinator,A,ML Foundations,2026-01-22,40.8,151.9,42.6,3.0,0,1.0,0
L10275,HR,Remote,Manager,C,Python Basics,2026-03-03,50.6,124.2,72.0,2.0,2,12.0,1
L10395,Sales,Manchester,Specialist,C,Data Literacy,2026-02-25,70.1,165.5,50.5,1.0,0,19.0,0
L10129,IT,London,Manager,B,Data Literacy,2026-03-18,,110.3,95.5,4.0,0,10.0,1
L10214,sales,London,Manager,C,Responsible AI,2026-03-27,100.0,108.0,37.3,3.0,4,,0
L10274,Operations,London,Manager,C,AI Awareness,2026-01-10,26.6,88.2,68.8,5.0,3,30.0,1
L10012,Information Technology,,Coordinator,D,AI Awareness,2026-02-22,48.9,77.7,81.8,3.0,0,15.0,1
L10234,IT,Unknown,Specialist,B,Python Basics,2026-01-20,60.7,80.7,72.4,1.0,3,2.0,0
L10477,Operations,London,Coordinator,A,Responsible AI,2026-04-03,64.7,172.3,26.4,2.0,1,19.0,0
L10472,Customer Support,Leeds,Specialist,B,Responsible AI,2026-01-25,,114.7,77.8,4.0,2,5.0,1
L10187,finance,Edinburgh,Manager,A,ML Foundations,2026-02-21,45.3,253.8,71.5,5.0,1,25.0,1
L10238,Operations,REMOTE,Analyst,A,ML Foundations,2026-03-06,61.3,152.8,68.3,3.0,2,17.0,1
L10417,Operations,Bristol,Associate,B,Responsible AI,2026-02-18,69.0,98.7,94.2,2.0,1,14.0,1
L10347,Sales,London,Coordinator,B,Responsible AI,2026-02-03,41.0,131.6,67.8,4.0,3,25.0,1
L10241,sales,Birmingham,Technician,B,AI Awareness,2026-02-23,56.4,68.2,62.7,4.0,1,10.0,0
L10296,sales,Manchester,Coordinator,B,Responsible AI,2026-03-30,17.0,168.1,60.0,4.0,7,10.0,0
L10571,Customer Support,Birmingham,Associate,D,Python Basics,2026-02-10,86.3,90.1,60.4,5.0,1,20.0,1
L10436, OPERATIONS ,London,Manager,B,Python Basics,2026-02-10,37.3,176.1,100.0,1.0,4,14.0,1
L10534,Human Resources,Birmingham,Manager,A,ML Foundations,2026-03-05,63.7,64.0,100.0,3.0,1,16.0,1
L10577,IT,Birmingham,Technician,B,Responsible AI,2026-02-20,,53.0,66.0,3.0,0,15.0,1
L10125,HR,Edinburgh,Specialist,A,Data Literacy,2026-03-13,73.8,126.6,77.8,1.0,4,,1
L10056,Sales,Birmingham,Coordinator,B,AI Awareness,2026-02-03,26.4,177.0,85.9,3.0,2,20.0,1
L10501,IT,Edinburgh,Specialist,D,ML Foundations,2026-03-21,26.8,122.8,33.9,2.0,3,6.0,0
L10348,finance,remote ,Analyst,B,ML Foundations,2026-01-07,29.4,115.2,67.9,3.0,1,17.0,0
L10382,sales,Manchester,Coordinator,B,ML Foundations,2026-03-19,65.3,122.1,40.7,4.0,0,10.0,0
